Monat,Brand,Influencer,Zuständigkeit,Channel,Content,Status,Story_Public_Date,Reminder_oder__Teaser?,Wann?,Preis,Est._Views,CPM,Link_Klicks,Real_Views,Umsatz,ROAS,Beworbenes__Produkt
November,Bauhaus,quintyna,LS,ig,story,done,2024-11-07,nichts,,320.0,10000.0,32.0,,,,,
November,Bauhaus,mariannastyletrends,LS,ig,story,done,2024-11-07,nichts,,180.0,5000.0,36.0,,,,,
November,Störtebekker,happy_brackmann,LS,ig,story inkl. rem.,done,2024-11-10,reminder,2024-11-17,700.0,20000.0,35.0,,7000.0,,,
November,Störtebekker,papi.of.two,LS,ig,story inkl. rem.,done,2024-11-14,reminder,2024-11-22,300.0,10000.0,30.0,,,,,
November,Zahnheld,plotterkrams,LS,ig,story inkl. rem.,done,2024-11-19,reminder,2024-11-21,680.0,20000.0,34.0,,,,,
November,Zahnheld,tina_mom_91,LS,ig,story,done,2024-11-27,nichts,,250.0,9000.0,28.0,,,,,
November,heideman,mariannastyletrends,LS,ig,story inkl. rem.,done,2024-11-27,reminder,2024-11-28,180.0,5000.0,36.0,,,,,
November,heideman,blondbynana,LS,ig,story inkl. rem.,done,2024-11-26,reminder,2024-11-28,700.0,30000.0,23.0,,,,,
November,Bauhaus,kathiwohnt,LS,ig,story,done,2024-11-29,nichts,,200.0,5000.0,40.0,,,,,
November,Bauhaus,flightgirl.sarah,LS,ig,story,done,2024-11-29,nichts,,150.0,3000.0,50.0,,,,,
November,Bauhaus,yasemin.bdx,LS,ig,story + teaser,done,2024-11-29,teaser,2024-11-27,480.0,13000.0,37.0,,,,,
November,Bauhaus,stephis.familienleben,LS,ig,story,done,2024-11-29,nichts,,270.0,10000.0,27.0,,,,,
November,Bauhaus,zoelwe,LS,ig,story + teaser,done,2024-11-29,teaser,,150.0,3000.0,50.0,120.0,,,,
November,Bauhaus,diedaywalker,LS,ig,story,done,2024-11-29,nichts,,1.0,,,,,,,
November,Bauhaus,janna.ferdi,LS,ig,story inkl. rem.,done,2024-11-29,reminder,2024-12-04,300.0,10000.0,30.0,150.0,,,,
December,Vonmählen,sabrinaroeder,LS,ig,story inkl. rem.,done,2024-12-04,reminder,2024-12-06,360.0,10000.0,36.0,,,,,Handyhüllen
December,Bauhaus,tina_mom_91,LS,ig,story,done,2024-12-05,nichts,,250.0,9000.0,28.0,,,,,
December,Bauhaus,lykke.linda,LS,ig,story,done,2024-12-05,nichts,,200.0,5000.0,40.0,,,,,
December,Bauhaus,blondbynana,LS,ig,story,done,2024-12-05,nichts,,700.0,30000.0,23.0,,,,,
December,Stryve,deinetanzlehrerin,JT,ig,story inkl. rem.,done,2024-12-06,reminder,2024-12-07,,20000.0,,,,,,
December,Stryve,plotterkrams,LS,ig,story inkl. rem.,done,2024-12-06,reminder,2024-12-08,680.0,20000.0,34.0,,,,,
December,Stryve,der_flory,JT,ig,story,done,2025-12-06,nichts,,300.0,10000.0,30.0,,,,,
December,Stryve,leila.kocht,JT,ig,story,done,2025-12-06,nichts,,100.0,4000.0,25.0,,,,,
December,Vonmählen,mrs.linchenn,JT,ig,story,done,2024-12-08,nichts,,250.0,,,,,,,Allroundo GaN
December,Vonmählen,deinetanzlehrerin,JT,ig,story inkl. rem.,done,2024-12-08,reminder,2024-12-12,,,,,,,,Allroundo GaN
December,Vonmählen,der_flory,JT,ig,story inkl. rem.,done,2024-12-09,reminder,2024-12-12,,,,,,,,Allroundo GaN & Air Beats Go weiß
December,Störtebekker,sabrinaroeder,LS,ig,story inkl. rem.,done,2024-12-10,reminder,2024-12-13,360.0,10000.0,36.0,,,,,
December,Vonmählen,tschossl,LS,ig,story inkl. rem.,done,2024-12-11,reminder,2024-12-14,750.0,28000.0,27.0,,,,,Handyhüllen & Airpods Case
,Störtebekker,Eckerlin,JT,yt,yt,done,,nichts,,,,,,,,,
,Störtebekker,Coga,JT,yt,yt,done,,nichts,,,,,,,,,
December,Vonmählen,mrs_lindsay0206,LS,ig,story inkl. rem.,done,2024-12-14,reminder,2024-12-18,300.0,12000.0,25.0,,,,,Handyhüllen & Metallarmband schwarz
December,Störtebekker,mrs_lindsay0206,LS,ig,story inkl. rem.,done,2024-12-13,reminder,2024-12-15,300.0,12000.0,25.0,,,,,
December,Vonmählen,kathi_bt,LS,ig,story inkl. rem.,done,2024-12-15,reminder,2024-12-17,200.0,12000.0,17.0,,,,,Handyhüllen & Backflip Mag
December,Stryve,sabrinaroeder,LS,ig,story inkl. rem.,done,2024-12-16,reminder,2024-12-19,360.0,10000.0,36.0,,,,,
December,Störtebekker,LetsPlayNoob05,LS,yt,yt,done,2024-12-20,nichts,,600.0,10000.0,60.0,,,,,
December,Stryve,dom.stroh,JT,ig,story,done,2024-12-23,nichts,2025-01-08,0.0,2000.0,,,,,,
December,Vonmählen,kathiwohnt,LS,ig,story inkl. rem.,done,2024-12-28,reminder,2024-12-29,250.0,5.0,50.0,,5000.0,,,Handyhüllen & Air Beats Go
December,Stryve,louyourboo,LS,ig,story inkl. rem.,done,2024-12-29,reminder,2024-12-31,875.0,25000.0,35.0,,,,,
December,Stryve,die.ottes,JT,ig,story,done,2024-12-31,nichts,,100.0,,,,,,,
,Störtebekker,davide__scibetta,LS,yt,yt,tbd,,nichts,,300.0,10000.0,30.0,,,,,
,Störtebekker,davide__scibetta,LS,ig,story,tbd,,nichts,,700.0,10000.0,70.0,,,,,
December,Störtebekker,familiebu,LS,ig,story inkl. rem.,tbd,2024-12-28,reminder,2025-01-02,800.0,25000.0,32.0,,,,,
January,Zahnheld,die.ottes,JT,ig,story,done,2025-01-02,nichts,,100.0,,,,,,,
January,Vonmählen,die.ottes,JT,ig,story,done,2025-01-04,nichts,,100.0,,,,,,,Handyhüllen
January,Vonmählen,quintyna,LS,ig,story inkl. rem.,done,2025-01-08,reminder,2025-01-10,320.0,10.0,32.0,,,,,
January,ImmoScout24,janna.ferdi,LS,ig,story inkl. rem.,done,2025-01-10,reminder,,300.0,10000.0,30.0,150.0,,,,
January,Zahnheld,einfach.stephi,JT,ig,story,done,2025-01-11,nichts,,250.0,,,,,,,
January,Stryve,sabrinaroeder,LS,ig,story inkl. rem.,done,2025-01-13,reminder,2025-01-15,360.0,10.0,36.0,,,,,
January,Stryve,tina_mom_91,LS,ig,story,done,2025-01-14,nichts,,250.0,9.0,28.0,,,,,
January,Stryve,plotterkrams,LS,ig,story inkl. rem.,done,2025-01-17,reminder,2025-01-19,600.0,20.0,30.0,,,,,
January,ImmoScout24,kleinstadtcoco,JT,ig,story,done,2025-01-17,nichts,,3.0,,,,,,,
January,Zahnheld,quintyna,LS,ig,story inkl. rem.,done,2025-01-20,reminder,2025-01-22,320.0,10000.0,32.0,,,,,
January,ImmoScout24,yasemin.bdx,LS,ig,story inkl. rem.,done,2025-01-21,reminder,2025-01-24,550.0,12.0,46.0,,,,,
January,Stryve,kimjulia,JT,ig,story,done,2025-01-22,nichts,,0.0,3.0,0.0,,,,,
January,Bauhaus,tina_mom_91,LS,ig,story,done,2024-01-23,nichts,,250.0,9.0,28.0,,,,,
January,Bauhaus,plotterkrams,LS,ig,story + teaser,done,2025-01-23,teaser,,680.0,20.0,34.0,588.235,,,,
January,ImmoScout24,agnes.a.rode,JT,ig,story,done,2025-01-24,nichts,,950.0,19.0,50.0,,,,,
January,Zahnheld,mrs.linchenn,JT,ig,story,done,2025-01-24,nichts,,250.0,,,,,,,
January,Zahnheld,kleiner.kaefer_,LS,ig,story inkl. rem.,done,2025-01-27,reminder,2025-01-29,150.0,4.0,38.0,,,,,
January,ImmoScout24,justabout.sabrina,JT,ig,story,done,2025-01-27,nichts,,1.0,,,,,,,
January,Zahnheld,zoelwe,LS,ig,story inkl. rem.,done,2025-01-28,reminder,2025-01-30,150.0,3000.0,50.0,120.0,,,,
January,Stryve,stephis.familienleben,LS,ig,story inkl. rem.,done,2025-01-28,reminder,2025-01-30,300.0,10.0,30.0,,,,,
January,Zahnheld,aenna_xoxo,JT,ig,story inkl. rem.,done,2025-01-29,reminder,,550.0,,,,,,,
January,Vonmählen,janinakindt,JT,ig,story,done,2025-01-29,nichts,,215.0,,,,,,,Handyhülle & Infinity Go
January,Bauhaus,tina_mom_91,LS,ig,story,done,2025-01-30,nichts,,250.0,9.0,28.0,,,,,
January,Bauhaus,der_flory,JT,ig,story,done,2025-01-30,nichts,,,,,,,,,
January,Zahnheld,justabout.sabrina,JT,ig,story,done,2025-01-30,nichts,,1.0,,,,,,,
January,ImmoScout24,dekokrams,JT,ig,story,done,2025-01-30,nichts,,800.0,,,,,,,
January,ImmoScout24,jonaswinkler,JT,ig,story,done,2025-01-30,nichts,,1.5,,,,,,,
January,ImmoScout24,eigenheimliebe,JT,ig,story,,2025-01-29,nichts,,1.45,,,,,,,
February,ImmoScout24,eimsbude,JT,ig,story,planned,2025-02-03,,,850.0,,,,,,,
February,Zahnheld,kathie_bt,LS,ig,story inkl. rem.,done,2025-02-03,reminder,2025-02-05,200.0,12.0,17.0,,,,,
February,Vonmählen,nathis_lifestyle,LS,ig,story inkl. rem.,done,2025-02-04,reminder,2025-02-06,,1.5,0.0,,,,,Evergreen Mag & Apple Watch Armbänder
February,Vonmählen,jacqueline.b_,LS,ig,story inkl. rem.,done,2025-02-04,reminder,2025-02-06,300.0,10.0,30.0,,,,,Handyhüllen
February,Vonmählen,tanjaweber,LS,ig,story inkl. rem.,done,2025-02-06,reminder,2025-02-02,550.0,28.0,20.0,,,,,
February,Vonmählen,lauras._kleinewelt,LS,ig,story inkl. rem.,done,2025-02-06,reminder,2025-02-08,200.0,5.0,40.0,,,,,
February,Vonmählen,fashionkitchen,LS,ig,story inkl. rem.,done,2025-02-06,reminder,2025-02-13,450.0,13.0,35.0,,,,,
February,Bauhaus,tina_mom_91,LS,ig,story,done,2025-02-06,nichts,,250.0,9.0,28.0,,,,,
February,Bauhaus,gluecksmutter,LS,ig,story inkl. rem.,done,2025-02-06,reminder,2025-02-09,450.0,10.0,45.0,,,,,
February,Bauhaus,buntehunde,SB,ig,story,done,2025-02-06,nichts,,450.0,16.0,28.0,,,,,
February,Bauhaus,maryxtastic ,SB,ig,story,done,2025-02-06,nichts,,300.0,7.0,43.0,,,,,
February,heideman,quintyna,LS,ig,story inkl. rem.,done,2025-02-10,reminder,2025-02-12,320.0,10000.0,32.0,,,,,
February,heideman,mrs_lindsay0206,LS,ig,story inkl. rem.,done,2025-02-11,reminder,2024-12-13,300.0,12000.0,25.0,,,,,
February,Vonmählen,lulunashka,LS,ig,story inkl. rem.,done,2025-02-12,reminder,2025-02-15,700.0,20.0,35.0,,,,,
February,Stryve,jacqueline.b_,LS,ig,story inkl. rem.,done,2025-02-12,reminder,2025-02-16,300.0,10.0,30.0,,,,,
February,Ameli,rheinemamas,LS,ig,story,done,2025-02-13,nichts,,0.0,10.0,0.0,,,,,
February,Ameli,eve.sauter,LS,ig,story,done,2025-02-13,nichts,,0.0,3.0,0.0,,,,,
February,Bauhaus,jacqueline.b_,LS,ig,story inkl. rem.,done,2025-02-13,reminder,2025-02-15,300.0,10.0,30.0,,,,,
February,Bauhaus,lauras._kleinewelt,LS,ig,story inkl. rem.,done,2025-02-13,reminder,2025-02-16,200.0,9.0,22.0,,,,,
February,Bauhaus,der_flory,JT,ig,story,done,2025-02-13,nichts,,0.0,20.0,0.0,,,,,
February,Vonmählen,justabout.sabrina,LS,ig,story inkl. rem.,done,2025-02-18,reminder,2025-02-20,750.0,20.0,38.0,,,,,
February,Vonmählen,_happy4family_,LS,ig,story inkl. rem.,done,2025-02-18,reminder,2025-02-19,30.0,1.0,30.0,,,,,
February,Bauhaus,songuel_sonrose,SB,ig,story,done,2025-02-20,nichts,,200.0,6.5,31.0,,,,,
February,Stryve,tanjaweber,LS,ig,story inkl. rem.,done,2025-02-20,reminder,2025-02-24,550.0,28.0,20.0,,,,,
February,Bauhaus,the_woodhouse_family,LS,ig,story inkl. rem.,done,2025-02-20,reminder,2025-02-22,300.0,13.0,23.0,,,,,
February,Bauhaus,mademoiselle.laura,LS,ig,story inkl. rem.,done,2025-02-20,reminder,,720.0,,0.0,,,,,
February,Bauhaus,eigenheimliebe,JT,ig,story,done,2025-02-20,nichts,,1.45,40.0,36.0,,,,,
February,Bauhaus,leicht.umsetzbar,LS,ig,story inkl. rem.,done,2025-02-20,reminder,2025-02-22,850.0,25.0,34.0,,,,,
February,Bauhaus,tina_mom_91,LS,ig,story,done,2025-02-20,reminder,,250.0,9.0,28.0,,,,,
February,Zahnheld,femily.hashtagt,JT,ig,story inkl. rem.,done,2025-02-21,reminder,2025-02-26,2.8,48.0,58.0,,,,,
February,Zahnheld,eigenheimliebe,JT,ig,story,done,2025-02-22,nichts,,1.45,40.0,36.0,,,,,
February,Vonmählen,the_woodhouse_family,LS,ig,story inkl. rem.,done,2025-02-24,reminder,2025-02-27,300.0,13.0,23.0,,,,,
February,Zahnheld,lauras._kleinewelt,LS,ig,story inkl. rem.,done,2025-02-24,reminder,2025-02-27,200.0,9.0,22.0,,,,,
February,Zahnheld,_happy4family_,LS,ig,story inkl. rem.,done,2025-02-24,reminder,2025-02-25,30.0,1.0,30.0,,,,,
February,Stryve,janinakindt,JT,ig,story,done,2025-02-25,nichts,,215.0,8.0,27.0,,,,,
February,Stryve,kathie_bt,LS,ig,story inkl. rem.,done,2025-02-26,reminder,2025-02-22,200.0,12.0,17.0,,,,,
February,305 Care,lauras._kleinewelt,SB,ig,story inkl. rem.,done,2025-02-23,reminder,2025-02-26,120.0,5.0,24.0,,,,,
February,305 Care,die_schens,SB,ig,story inkl. rem.,done,2025-02-28,reminder,2025-03-01,180.0,6.0,30.0,,,,,
February,305 Care,hashixmoto,SB,ig,story inkl. rem.,done,2025-02-28,reminder,2025-03-02,90.0,3.0,30.0,,,,,
March,Vonmählen,miss_schumiiiiandfamily,LS,ig,story inkl. rem.,done,2025-03-01,reminder,2025-03-03,900.0,25.0,36.0,,,,,Aura Home
March,Vonmählen,mrslavieestbelle,LS,ig,story inkl. rem.,done,2025-03-06,reminder,2025-03-08,660.0,20.0,33.0,,,,,Apple Watch Armbänder
March,305 Care,jacqueline.b.,SB,ig,story inkl. rem.,done,2025-03-06,reminder,2025-03-12,350.0,11.0,32.0,,,,,
March,305 Care,grueslimuesliciaokakao,SB,ig,story inkl. rem.,done,2025-03-06,reminder,2025-03-09,250.0,8.0,31.0,,,,,
March,Ameli,the_millenialsclub,LS,ig,story,done,2025-03-06,nichts,,0.0,6.0,0.0,,,,,
March,305 Care,marisa.hofmeister,SB,ig,story inkl. rem.,done,2025-03-06,reminder,2025-03-09,1.8,35.0,51.0,,,,,
March,TerraCanis,vera_intveen,SB,ig,story inkl. rem.,done,2025-03-06,reminder,2025-03-09,1.25,27.0,46.0,,,,,
March,TerraCanis,Jan_weinrich,SB,ig,story inkl. rem.,done,2025-03-06,reminder,2025-03-09,500.0,15.0,33.0,,,,,
March,Zahnheld,miss_schumiiiiandfamily,LS,ig,story inkl. rem.,done,2025-03-10,reminder,2025-03-13,900.0,25.0,36.0,,,,,
March,TerraCanis,ninakaempf,SB,ig,story inkl. rem.,done,2025-03-10,reminder,2025-03-13,1.9,45.0,42.0,,,,,
March,Ameli,stefanie.dechant,LS,ig,story,done,2025-03-12,nichts,,0.0,5.0,0.0,,,,,
March,Vonmählen,vanillalooove,LS,ig,story inkl. rem.,done,2025-03-12,reminder,2025-03-15,700.0,20.0,35.0,,,,,Apple Watch Armbänder: Milanese Loop 
3,TerraCanis,2.be.good.dads,SB,ig,story inkl. rem.,done,,reminder,2025-03-17,1.35,40.0,34.0,,,,,
March,Bauhaus,tina_mom_91,LS,ig,story,done,2025-03-13,nichts,,250.0,9.0,28.0,,,,,
March,Bauhaus,leicht.umsetzbar,LS,ig,story inkl. rem.,done,2025-03-13,reminder,,850.0,25.0,34.0,,,,,
March,Zahnheld,_moon_emma_,SB,ig,story inkl. rem.,done,2025-03-14,reminder,2025-03-17,400.0,15.0,27.0,,,,,
March,Zahnheld,karolina.deiss ,SB,ig,story inkl. rem.,done,2025-03-13,reminder,2025-03-18,1.7,50.0,34.0,,,,,
March,Vonmählen,jackys.familylife,LS,ig,story inkl. rem.,done,2025-03-14,reminder,2025-03-18,1.0,25.0,40.0,,,,,Fokus: Handyhülle & Evergreen Mag nebenbei
3,305 Care,endomood_,SB,ig,story inkl. rem.,done,,reminder,2025-03-17,50.0,2.5,20.0,,,,,
March,Zahnheld,shopping_zeit,LS,ig,story,done,2025-03-17,nichts,,0.0,1.0,0.0,,,,,
March,Vonmählen,shopping_zeit,LS,ig,story,done,2025-03-17,nichts,,0.0,1.0,0.0,,,,,Evergreen Mag
March,Zahnheld,the_woodhouse_family,LS,ig,story inkl. rem.,done,2025-03-17,reminder,2025-03-20,300.0,13.0,23.0,,,,,
March,Lotto24,marcdumitru,LS,ig,story,done,2025-03-18,nichts,,600.0,15.0,40.0,,,,,
March,Ameli,isabellsjournal,LS,ig,story,done,2025-03-18,nichts,,0.0,9.0,0.0,,,,,
March,TerraCanis,eva.besserer,SB,ig,story inkl. rem.,done,2025-03-18,reminder,2025-03-21,400.0,13.0,31.0,,,,,
March,305 Care,sonja.sein,SB,ig,story,done,2025-03-19,nichts,,575.0,12.5,46.0,,,,,
March,TerraCanis,thara.vive,SB,ig,story inkl. rem.,done,2025-03-19,reminder,2025-03-24,400.0,12.0,33.0,,,,,
March,Vonmählen,sina.maas,LS,ig,story inkl. rem.,done,2025-03-19,reminder,2025-03-23,150.0,5.0,30.0,,,,,Fokus: Air Beats Go & Evergreen Mag nebenbei
March,Vonmählen,der_flory,JT,ig,story,done,2025-03-20,nichts,,300.0,10.0,30.0,,,,,Evergreen Mag & Aura Home 
March,Bauhaus,tina_mom_91,LS,ig,story,done,2025-03-20,nichts,,250.0,9.0,28.0,,,,,
March,Zahnheld,die_mutti__,JT,ig,story inkl. rem.,done,2025-03-20,reminder,2025-03-22,900.0,20.0,45.0,,,,,
March,TerraCanis,kikidoyouloveme,SB,ig,story,done,2025-03-21,nichts,,6.0,150.0,40.0,,,,,
March,Vonmählen,kriskemmetinger,LS,ig,story inkl. rem.,done,2025-03-23,reminder,2025-03-23,100.0,8.0,13.0,,,,,Allroundo GaN & Evergreen Mag
March,305 Care,annaroiii,SB,ig,story,done,2025-03-24,reminder,2025-03-26,350.0,9.0,39.0,,,,,
March,Lotto24,lisarrey,LS,ig,story,done,2025-03-25,nichts,,7.0,150.0,47.0,,,,,
March,Zahnheld,fatmasstory,SB,ig,story inkl. rem.,done,2025-03-26,reminder,2025-03-28,1.0,23000.0,43.0,,,,,
March,Bauhaus,einfach.stephi,LS,ig,story,done,2025-03-27,nichts,,350.0,10.0,35.0,,,,,
March,Bauhaus,eigenheimliebe,LS,ig,story inkl. rem.,done,2025-03-27,reminder,2025-03-30,1.45,,,,,,,
March,Bauhaus,hausnr_8,LS,ig,story inkl. rem.,done,2025-03-27,reminder,2025-03-30,400.0,,,,,,,
March,Bauhaus,mellisblog,LS,ig,story inkl. rem.,done,2025-03-27,reminder,2025-03-29,900.0,30.0,30.0,,,,,
March,Zahnheld,sabrinasmamikram,LS,ig,story inkl. rem.,done,2025-03-27,reminder,2025-03-31,600.0,15.0,40.0,,,,,
March,TerraCanis,djangoholly_crazy_greek_dogs,SB,ig,story inkl. rem.,done,2025-03-28,reminder,2025-03-30,0.0,,,,,,,
March,305 Care,sarahplusdrei,SB,ig,story inkl. rem.,done,2025-03-28,reminder,2025-03-31,1.5,43.0,35.0,,,,,
March,TerraCanis,hannahsitte,SB,ig,story inkl. rem.,done,2025-03-28,reminder,2025-03-31,350.0,12.0,29.0,,,,,
March,IOS,tschossl,DP,ig,story inkl. rem.,done,2025-03-28,reminder,2025-03-30,800.0,36.6,22.0,,,,,
March,Zahnheld,aenna.xoxo,JT,ig,story,done,2025-03-28,nichts,,650.0,15.0,43.0,,,,,
March,IOS,just.georges.way,JT,ig,story,done,2025-03-30,nichts,,0.0,4.0,0.0,,,,,
March,Ameli,kimjuliiaa,JT,ig,story + teaser,done,2025-03-30,reminder,2025-04-02,0.0,4.0,0.0,,,,,
March,Ameli,itscaroo,JT,ig,reel,done,2025-03-30,nichts,,0.0,35.0,0.0,,,,,
March,Vonmählen,femily.hashtagt,LS,ig,story inkl. rem.,done,2025-03-31,reminder,2025-04-03,2.8,60.0,47.0,,,,,Allroundo GaN
March,Zahnheld,einfach.stephi,LS,ig,story,done,2025-03-31,nichts,,300.0,10.0,30.0,,,,,
April,Ameli,itscaroo,JT,ig,story,done,2025-04-02,nichts,,0.0,35.0,0.0,,,,,
April,Vonmählen,patrickheckl,LS,ig,story inkl. rem.,done,2025-04-02,reminder,2025-04-04,1.4,50.0,28.0,,,,,Armbänder + Evergreen Mag
April,KikiKoala,vivienrich,JT,ig,story inkl. rem.,done,2025-04-02,reminder,2025-04-06,500.0,22.0,23.0,,,,,
April,KikiKoala,verenas_mamablog,JT,ig,story,done,2025-04-02,nichts,,75.0,7.0,11.0,,,,,
April,Vonmählen,mellisblog,LS,ig,story inkl. rem.,done,2025-04-02,reminder,2025-04-04,1.1,30.0,37.0,,,,,Evergeen Mag
April,Zahnheld,patrickheckl,LS,ig,story inkl. rem.,done,2025-04-03,reminder,2025-04-06,1.4,50.0,28.0,,,,,Schallzahnbürste
April,Bauhaus,tina_mom_91,LS,ig,story,done,2025-04-03,nichts,,250.0,12.0,21.0,,,,,
April,Bauhaus,innerbeyouty,LS,ig,story inkl. rem.,done,2025-04-03,reminder,2025-04-07,650.0,16.0,41.0,,,,,
April,IOS,der_flory,JT,ig,story inkl. rem.,done,2025-04-04,reminder,2025-04-13,300.0,20.0,15.0,,,,,
April,IOS,Papi.of.two,DP,ig,story inkl. rem.,done,2025-04-04,reminder,2025-04-11,400.0,11.5,34.0,,,,,
April,KikiKoala,stephaniebliem,JT,ig,story,done,2025-04-06,reminder,2025-04-09,300.0,20.0,15.0,,,,,
April,TerraCanis,Jan_weinrich,SB,ig,story inkl. rem.,done,2025-04-07,reminder,2025-04-10,500.0,15.0,33.0,,,,,
April,Vonmählen,nikisbeautychannel,LS,ig,story inkl. rem.,done,2025-04-07,reminder,2025-04-13,350.0,11.0,32.0,,,,,
April,Vonmählen,justabout.sabrina,LS,ig,story inkl. rem.,done,2025-04-07,reminder,2025-04-10,750.0,20.0,38.0,,,,,Armbänder + Evergreen Mag
April,Zahnheld,tina_mom_91,LS,ig,story inkl. rem.,done,2025-04-08,reminder,2025-04-10,400.0,12.0,33.0,,,,,
April,IOS,transjoyboy,JT,ig,story,done,2025-04-08,nichts,,550.0,12.0,46.0,,,,,
April,Vonmählen,_nativita_,LS,ig,story inkl. rem.,done,2025-04-08,reminder,2025-04-10,1.1,30.0,37.0,,,,,
April,Vonmählen,dahoam_mit_herz,LS,ig,story inkl. rem.,done,2025-04-08,reminder,2025-04-10,460.0,15.0,31.0,,,,,
,IOS,alexperiences,JT,ig,story,done,,nichts,,300.0,8.0,38.0,,,,,
April,Vonmählen,herstoryfeed,LS,ig,story inkl. rem.,done,2025-04-09,reminder,2025-04-16,1.75,50.0,35.0,,,,,
April,305 Care,debbischneider,SB,ig,story inkl. rem.,done,2025-04-11,reminder,2025-04-18,1.1,37.0,30.0,,,,,
April,305 Care,marisa.hofmeister,SB,ig,story inkl. rem.,done,2025-04-11,reminder,2025-04-21,1.8,35.0,51.0,,,,,
April,TerraCanis,marie.znowhite,SB,ig,story inkl. rem.,done,2025-04-11,reminder,2025-04-14,150.0,5000.0,30.0,,,,,
April,IOS,2.be.good.dads,JT,ig,story inkl. rem.,done,2025-04-12,reminder,,1.35,40.0,34.0,,,,,
April,Zahnheld,fiichen,SB,ig,story inkl. rem.,done,2025-04-12,reminder,2025-04-15,900.0,19000.0,47.0,,,,,
April,TerraCanis,die.reuters,SB,ig,story inkl. rem.,done,2025-04-13,reminder,2025-04-16,700.0,25000.0,28.0,,,,,
April,IOS,jensfisch,JT,ig,story,done,2025-04-13,nichts,,200.0,7.0,29.0,,,,,
April,TerraCanis,vera_intveen,SB,ig,story inkl. rem.,done,2025-04-14,reminder,2025-04-17,1.25,27.0,46.0,,,,,
April,TerraCanis,mrs.tews,SB,ig,story inkl. rem.,done,2025-04-14,reminder,2025-04-18,1.15,30000.0,38.0,,,,,
April,Zahnheld,mellisblog,SB,ig,story inkl. rem.,done,2025-04-15,reminder,2025-04-17,1.1,28000.0,39.0,,,,,
April,TerraCanis,_moon_emma_,SB,ig,story inkl. rem.,done,2025-04-16,reminder,2025-04-19,300.0,15.0,20.0,,,,,
April,TerraCanis,thara.vive,SB,ig,story inkl. rem.,done,2025-04-16,reminder,2024-04-19,400.0,12.0,33.0,,,,,
April,Bauhaus,tina_mom_91,LS,ig,story,done,2024-04-17,nichts,,250.0,12.0,21.0,,,,,
April,305 Care,karolina.deiss ,SB,ig,story inkl. rem.,done,2025-04-17,reminder,2025-04-19,1.7,50.0,34.0,,,,,
April,Vonmählen,vikistr,LS,ig,story inkl. rem.,posted,2025-04-17,reminder,2025-04-21,500.0,9.0,56.0,,,,,
April,305 Care,rosarotundhimmlischblau,SB,ig,story inkl. rem.,done,2025-04-18,reminder,2025-04-23,650.0,20.0,33.0,,,,,
April,Bauhaus,_nativita_,LS,ig,story inkl. rem.,done,2025-04-17,reminder,2025-04-19,1.1,30.0,37.0,,,,,
April,TerraCanis,eva.besserer,SB,ig,story inkl. rem.,done,2024-04-19,reminder,2024-04-24,400.0,13.0,31.0,,,,,
April,TerraCanis,hannahsitte,SB,ig,story inkl. rem.,done,2025-04-22,reminder,2025-04-25,350.0,12.0,29.0,,,,,
April,IOS,benkauer,JT,ig,story,done,2025-04-22,reminder,2025-04-28,3.0,72.0,42.0,,,,,
April,TerraCanis,2.be.good.dads,SB,ig,story inkl. rem.,done,2025-04-23,reminder,2025-04-28,1.35,40.0,34.0,,,,,
April,Bauhaus,tina_mom_91,LS,ig,story,posted,2025-04-24,nichts,,250.0,12.0,21.0,,,,,
April,Bauhaus,buildmyhomebytm,LS,ig,story inkl. rem.,posted,2025-04-24,reminder,2025-04-27,600.0,20.0,30.0,,,,,
April,Bauhaus,eigenheimliebe,LS,ig,story inkl. rem.,posted,2025-04-24,reminder,,1.45,,,,,,,
April,Zahnheld,10imGlück,SB,ig,story inkl. rem.,done,2025-04-24,reminder,2025-04-26,3.0,95.0,32.0,,,,,
April,Zahnheld,_moon_emma_,SB,ig,story inkl. rem.,done,2025-04-25,reminder,2025-04-28,400.0,15.0,27.0,,,,,
April,305 Care,sandraundbetty,SB,ig,story inkl. rem.,done,2025-04-26,reminder,2025-04-29,630.0,15.0,42.0,,,,,
April,Zahnheld,nikisbeautychannel,LS,ig,story inkl. rem.,done,2025-04-26,reminder,2025-04-29,350.0,11.0,32.0,,,,,
April,Zahnheld,paulina_sophiee,JT,ig,story inkl. rem.,done,2025-04-28,reminder,2025-04-30,550.0,10.0,,,,,,
April,Zahnheld,sarahklefisch ,SB,ig,story inkl. rem.,posted,2025-04-28,reminder,2025-05-02,1.8,40.0,45.0,,,,,
April,Hydraid,hello.its.me.anni,LB,ig,story inkl. rem.,done,2025-04-29,reminder,2025-05-06,240.0,8.0,30.0,,,,,
April,Hydraid,princessmaikelea,LS,ig,story,done,2025-04-29,nichts,,600.0,,,,,,,
April,IOS,fashionik,DP,ig,story inkl. rem.,done,2025-04-27,reminder,2025-05-04,150.0,4.75,32.0,,,,,
April,IOS,Papas.im.Glück,DP,ig,story inkl. rem.,done,2025-04-27,reminder,2025-04-29,500.0,14.665,34.0,,,,,
April,Rudelkönig,miss_schumiiiiandfamily,DP,ig,story inkl. rem.,posted,2025-04-11,reminder,2025-04-19,900.0,24.2,37.0,,,,,Kofferraumschutz
April,Rudelkönig,buntehunde,DP,ig,story inkl. rem.,posted,2025-04-20,reminder,2025-04-23,400.0,22.0,18.0,,,,,Kofferraumschutz
April,Rudelkönig,linaandthewild,DP,ig,story,posted,2025-04-21,nichts,,0.0,,,,,,,2x Hundegeschirr Paola 
April,Rudelkönig,jano.nero.matilda,DP,ig,story inkl. rem.,posted,2025-04-21,reminder,2025-04-23,250.0,8.555,29.0,,,,,Kofferraumschutz
April,Rudelkönig,aussie_selfie,DP,ig,story inkl. rem.,posted,2025-04-21,reminder,2025-04-24,80.0,2.11,38.0,,,,,Kofferraumschutz
April,Rudelkönig,selinapiecuch,DP,ig,story,posted,2025-04-23,nichts,,550.0,27.0,20.0,,,,,Kofferraumschutz
April,Rudelkönig,mamiplatz,DP,ig,story inkl. rem.,posted,2025-04-25,reminder,2025-04-28,1.1,25.0,44.0,,,,,Kofferraumschutz
April,Rudelkönig,Giulia Groth,DP,ig,story inkl. rem.,posted,2025-04-23,reminder,2025-04-26,700.0,51.38,14.0,,,,,Kofferraumschutz
,Vonmählen,myhorsediary,JT,ig,story,,,nichts,,,,,,,,,
April,KikiKoala,reiterhofd.henn,JT,ig,story,on hold,2025-04-09,nichts,,150.0,8.0,19.0,,,,,
April,KikiKoala,tina_mom_91,LS,ig,story,on hold,2025-04-14,nichts,,300.0,12.0,25.0,,,,,
April,KikiKoala,kathiwagener,JT,ig,story,on hold,2025-04-10,nichts,,100.0,18.0,6.0,,,,,
April,KikiKoala,homeheartmade,JT,ig,story,on hold,2025-04-07,nichts,,3.0,75.0,40.0,,,,,
April,KikiKoala,stephis.familienleben,LS,ig,story inkl. rem.,on hold,2025-04-08,reminder,2025-04-11,400.0,13.0,31.0,,,,,
April,KikiKoala,paulina_sophiee,JT,ig,story inkl. rem.,on hold,2025-04-21,reminder,2025-04-25,550.0,,,,,,,
March,Bauhaus,fashionkitchen,LS,ig,story inkl. rem.,not posted,2025-03-06,reminder,2025-03-10,450.0,13.0,35.0,,,,,
March,Bauhaus,mrslavieestbelle,LS,ig,story inkl. rem.,tbd,2025-03-20,reminder,2025-03-23,660.0,20.0,33.0,,,,,
,Bauhaus,miss_schumiiiiandfamily,LS,ig,story inkl. rem.,tbd,,reminder,,900.0,,,,,,,
April,TerraCanis,djangoholly_crazy_greek_dogs,SB,ig,story inkl. rem.,done,2025-04-24,reminder,2025-04-28,0.0,,,,,,,
,Zahnheld,fashionkitchen,LS,ig,story inkl. rem.,tbd,,reminder,,450.0,13.0,35.0,,,,,
,TERRACanis,fraulein_flausenimkopf ,,,,,,,,250.0,10.0,25.0,,,,,
May,Vonmählen,nathis_lifestyle,LS,ig,story,done,2025-05-01,nichts,,,1.5,,,,,,
May,Rudelkönig,paulina_sophiee,SB,ig,story inkl. rem.,done,2025-05-01,reminder,2025-05-08,570.0,10.0,57.0,,,,,"Emma Set, Hundepfeife Kunststoff, Seilspielzeug, Keramikschale doppelpack"
May,Rudelkönig,janinakindt,SB,ig,story inkl. rem.,done,2025-05-03,reminder,2025-05-06,300.0,14.0,21.0,,,,,
May,Zahnheld,einfach.stephi,LS,ig,story inkl. rem.,done,2025-05-05,reminder,2025-05-08,300.0,10.0,30.0,,,,,
May,Zahnheld,traumjob.mama,JT,ig,story inkl. rem.,done,2025-05-05,reminder,2025-05-07,2.8,20.0,140.0,,,3.274,117.0,
May,TerraCanis,kikidoyouloveme,SB,ig,story,done,2025-05-05,nichts,,6.0,150.0,40.0,,,,,
May,Zahnheld,eigenheimliebe,JT,ig,story inkl. rem.,done,2025-05-05,reminder,2025-05-07,1.4,,,,,,,
May,Zahnheld,zuckerwattenwunder,LS,ig,story inkl. rem.,done,2025-05-05,reminder,2025-05-12,1.2,30.0,40.0,,,,,
May,TerraCanis,die.reuters,SB,ig,story inkl. rem.,done,2025-05-06,reminder,2025-05-09,700.0,25000.0,28.0,,,,,
May,Zahnheld,janinakindt,SB,ig,story inkl. rem.,done,2025-05-06,reminder,2025-05-10,300.0,14.0,21.0,,,,,
May,Bauhaus,der_flory,JT,ig,story,done,2025-05-08,nichts,,450.0,,,,,,,
May,Bauhaus,Feli_liebt_3_maenner,LS,ig,story inkl. rem.,done,2025-05-08,reminder,2025-05-11,600.0,20.0,30.0,,,,,
May,Bauhaus,builtmyhomebytm,LS,ig,story inkl. rem.,done,2025-05-08,reminder,2025-05-11,600.0,20.0,30.0,,,,,
May,Bauhaus,jennifer.wittenberger,LS,ig,story inkl. rem.,done,2025-05-08,reminder,2025-05-11,450.0,14.0,32.0,,,,,
May,Bauhaus,tina_mom_91,LS,ig,story,done,2025-05-08,nichts,,250.0,12.0,21.0,,,,,
May,305 Care,jess___blog ,SB,ig,story inkl. rem.,done,2025-05-09,reminder,2025-05-13,1.0,28.0,36.0,,,,,
May,Zahnheld,femily.hashtagt,JT,ig,story inkl. rem.,done,2025-05-10,reminder,2025-05-12,2.8,60.0,47.0,,,,,
May,Vonmählen,joanaslichtpoesie,JT,ig,story,done,2025-05-11,nichts,,2.35,,,,,,,
May,Hydraid,verenas_mamablog,LB,ig,story inkl. rem.,done,2025-05-12,reminder,2025-05-19,100.0,,,,,,,
May,Rudelkönig,Eigenheimliebe,SB,ig,story inkl. rem.,done,2025-05-12,reminder,2025-05-14,1.47,,,,,,,
May,Zahnheld,_nativita_,LS,ig,story inkl. rem.,done,2025-05-12,reminder,2025-05-14,1.1,30.0,37.0,,,,,
May,TerraCanis,ninakaempf,SB,ig,story inkl. rem.,done,2025-05-12,reminder,2025-05-15,1.9,45.0,42.0,,,,,
May,IEA,jacqueline.b_,LS,ig,story inkl. rem.,done,2025-05-12,reminder,2025-05-15,250.0,8.0,31.0,,,,,
May,Rudelkönig,justabout.sabrina,DP,ig,story inkl. rem.,done,2025-05-12,reminder,2025-05-15,1.1,22.7,48.0,,,,,Kofferraumschutz
May,IEA,feli_liebt_3_maenner,LS,ig,story inkl. rem.,done,2025-05-13,reminder,2025-05-15,600.0,,,,,,,
May,Vonmählen,lisaschnapa,LS,ig,story inkl. rem.,done,2025-05-13,reminder,2025-05-15,500.0,14.0,36.0,,,,,
May,IEA,labellove84,LS,ig,story inkl. rem.,done,2025-05-13,reminder,2025-05-19,200.0,7.0,29.0,,,,,
May,Vonmählen,jennifer.wittenberger,LS,ig,story inkl. rem.,done,2025-05-13,reminder,2025-05-19,450.0,14.0,32.0,,,,,
May,IEA,verenas_mamablog,LS,ig,story inkl. rem.,done,2025-05-13,reminder,2025-05-17,120.0,7.0,17.0,,,,,
May,TerraCanis,janinakindt,SB,ig,story inkl. rem.,done,2025-05-13,reminder,2025-05-17,300.0,14.0,21.0,,,,,
May,Zahnheld,mrslavieestbelle,LS,ig,story inkl. rem.,done,2025-05-14,reminder,2025-05-19,660.0,20.0,33.0,,,,,
May,TerraCanis,_moon_emma_,SB,ig,story inkl. rem.,done,2025-05-14,reminder,2025-05-17,300.0,15.0,20.0,,,,,
May,girlgotlashes,dobbyundjo,JT,ig,story inkl. rem.,done,2025-05-14,reminder,2025-05-19,1.6,,,,,,,
May,girlgotlashes,nil.sahin,JT,ig,story inkl. rem.,done,2025-05-15,reminder,2025-05-18,1.6,,,,,,,
May,Zahnheld,aenna.xoxo,JT,ig,story inkl. rem.,done,2025-05-15,reminder,2025-05-18,800.0,17.5,46.0,,,,,
May,IEA,einfach.stephi,LS,ig,story inkl. rem.,done,2025-05-15,reminder,2025-05-18,300.0,10.0,30.0,,,,,
May,Vonmählen,vivien_rich_,LS,ig,story inkl. rem.,done,2025-05-15,reminder,2025-05-17,900.0,30.0,30.0,,,,,
May,Bauhaus,elena.schmitz__,LS,ig,story inkl. rem.,done,2025-05-15,reminder,2025-05-19,500.0,17.0,29.0,,,,,
May,Bauhaus,dekokrams,LS,ig,story inkl. rem.,done,2025-05-15,reminder,2025-05-19,900.0,30.0,30.0,,,,,
May,Bauhaus,geliebtes_hus,LS,ig,story inkl. rem.,done,2025-05-15,reminder,2025-05-19,700.0,20.0,35.0,,,,,
May,Bauhaus,sarah.fbr,LS,ig,story inkl. rem.,done,2025-05-15,reminder,2025-05-19,400.0,10.0,40.0,,,,,
May,Bauhaus,mrslavieestbelle,LS,ig,story inkl. rem.,done,2025-05-15,reminder,2025-05-19,660.0,20.0,33.0,,,,,
May,Hydraid,sophiavanlaak,LS,ig,story inkl. rem.,done,2025-05-15,reminder,2025-05-21,400.0,10.0,40.0,,8.0,,,
May,TerraCanis,djangoholly_crazy_greek_dogs,SB,ig,story inkl. rem.,done,2025-05-15,reminder,2025-05-23,0.0,,,,,,,
May,Vonmählen,erdbeerzwergerl,LS,ig,story inkl. rem.,done,2025-05-15,reminder,2025-05-25,200.0,7.0,29.0,,,,,
May,Hydraid,me__lanie__,LB,ig,story inkl. rem.,done,2025-05-16,reminder,2025-05-21,500.0,15.0,33.0,,,,,
May,Vonmählen,verenas_mamablog,LS,ig,story inkl. rem.,done,2025-05-16,reminder,2025-05-20,120.0,7.0,17.0,,,,,
May,Vonmählen,zuckerwattenwunder,LS,ig,story inkl. rem.,done,2025-05-16,reminder,2025-05-20,1.2,30.0,40.0,,,,,
May,TerraCanis,jess___blog ,SB,ig,story inkl. rem.,done,2025-05-17,reminder,2025-05-19,1.0,28.0,36.0,,,,,
May,girlgotlashes,my_beautyful_things,SB,ig,story inkl. rem.,done,2025-05-18,reminder,2025-05-21,0.0,,,,,,,
May,TerraCanis,eva.besserer,SB,ig,story inkl. rem.,done,2025-05-18,reminder,2025-05-21,400.0,13.0,31.0,,,,,
May,Zahnheld,Feli_liebt_3_maenner,LS,ig,story inkl. rem.,done,2025-05-19,reminder,2025-05-22,600.0,20.0,30.0,,,,,
May,TerraCanis,marie.znowhite,SB,ig,story inkl. rem.,done,2025-05-24,reminder,2025-05-26,150.0,5000.0,30.0,,,,,
May,Vonmählen,labellove84,LS,ig,story inkl. rem.,done,2025-05-20,reminder,2025-05-25,,,,,,,,
May,girlgotlashes,sandra.sicora,SB,ig,story inkl. rem.,done,2025-05-20,reminder,2025-05-22,1.5,,,,,,,
May,Vonmählen,mrslavieestbelle,LS,ig,story inkl. rem.,done,2025-05-20,reminder,2025-05-26,600.0,20.0,30.0,,,,,
May,IEA,tina_mom_91,LS,ig,story inkl. rem.,done,2025-05-21,reminder,2025-05-26,450.0,12.0,38.0,,,,,
May,TerraCanis,hannahsitte,SB,ig,story inkl. rem.,done,2025-05-22,reminder,2025-05-25,350.0,12.0,29.0,,,,,
May,TerraCanis,thara.vive,SB,ig,story inkl. rem.,done,2025-05-22,reminder,2025-05-25,400.0,12.0,33.0,,,,,
May,TerraCanis,lisarrey,SB,ig,story inkl. rem.,done,2025-05-22,reminder,2025-05-26,4.5,154.0,29.0,,,,,
May,TerraCanis,vera_intveen,SB,ig,story inkl. rem.,done,2025-05-22,reminder,2025-05-26,1.25,27.0,46.0,,,,,
May,Hydraid,alessiamoves,LS,ig,story inkl. rem.,done,2025-05-22,reminder,2025-05-28,200.0,8.0,25.0,,,,,
May,Bauhaus,nohi.loves.eli,LS,ig,story inkl. rem.,done,2025-05-22,reminder,,400.0,10.0,40.0,,,,,
May,Bauhaus,traumhausprojekt.runie,LS,ig,story inkl. rem.,done,2025-05-22,reminder,2025-05-25,1.0,25.0,40.0,,,,,
May,Bauhaus,innerbeyouty,LS,ig,story inkl. rem.,done,2025-05-22,reminder,2025-05-25,650.0,,,,,,,
May,Vonmählen,mias_secrets,LS,ig,story inkl. rem.,done,2025-05-22,reminder,,875.0,,,,,,,
May,Rudelkönig,luisamerkentrup,DP,ig,story inkl. rem.,done,2025-05-24,reminder,2025-05-27,950.0,21.0,45.0,,,,,
May,Rudelkönig,lauralehmannofficial,DP,ig,story inkl. rem.,done,2025-05-24,reminder,2025-05-26,1.3,34.7,37.0,,,,,Kofferraumschutz
May,IOS,tschossl,DP,ig,story inkl. rem.,done,2025-05-24,reminder,2025-05-20,800.0,36.6,22.0,,,,,
May,305 Care,marisa.hofmeister,SB,ig,story inkl. rem.,done,2025-05-25,reminder,2025-05-26,1.8,35.0,51.0,,,,,
May,Zahnheld,labellove84,LS,ig,story inkl. rem.,done,2025-05-26,nichts,,200.0,7.0,29.0,,,,,
May,IOS,papaundpapi,DP,ig,story inkl. rem.,done,2025-05-29,reminder,2025-06-03,850.0,45.0,19.0,,,,,
May,Vonmählen,geliebtes_hus,LS,ig,story inkl. rem.,done,2025-05-26,reminder,2025-05-28,700.0,20.0,35.0,,,,,
May,Vonmählen,Feli_liebt_3_maenner,LS,ig,story inkl. rem.,done,2025-05-28,reminder,2025-05-31,600.0,20.0,30.0,,,,,
May,girlgotlashes,verenas_mamablog,DP,ig,story inkl. rem.,done,2025-05-27,reminder,2025-05-30,200.0,5.0,40.0,,,,,
May,IOS,2.be.good.dads,JT,ig,story inkl. rem.,done,2025-05-31,reminder,2025-06-02,1.5,40.0,38.0,,,,,
5,Rudelkönig,siberian_husky_power,DP,ig,story inkl. rem.,done,,reminder,,0.0,1.3,0.0,,,,,
5,Rudelkönig,siberian_husky_power,DP,tiktok,tiktok,done,,nichts,,0.0,5.0,0.0,,,,,
May,girlgotlashes,gloria.glumac,DP,ig,story inkl. rem.,done,2025-05-29,reminder,2025-05-31,1.1,128.844,9.0,,,,,
May,girlgotlashes,katemerlan,DP,ig,story inkl. rem.,done,2025-05-28,reminder,2025-05-30,1.0,65.446,15.0,,,,,
May,IEA,janinasarahwestphal,LB,ig,story inkl. rem.,done,2025-05-31,reminder,2025-06-04,1.3,35.0,37.0,1.408,30.0,1.489,115.0,Migränemaske
,TBD/Noch unklar/Feedback ausstehend,,,,,,,,,,,,,,,,
,KikiKoala,traumjob.mama,JT,ig,story inkl. rem.,tbd,,reminder,,2.7,,,,,,,
,Zahnheld,Jill Lange,SB,ig,story inkl. rem.,planned,,reminder,,3.0,95.0,32.0,,,,,Schallzahnbürste
June,Vonmählen,lilawolke_testet,LS,ig,story inkl. rem.,done,2025-06-02,reminder,2025-06-05,500.0,15.0,33.0,41200.0,15.0,7393.0,15.0,Evergreen Mag
June,TerraCanis,ninakaempf,SB,ig,story inkl. rem.,done,2025-06-02,reminder,2025-06-05,1.9,45.0,42.0,,,,,Hundefutter allgemein
June,Vonmählen,susanne_twentytwoplotts,LS,ig,story inkl. rem.,done,2025-06-02,reminder,2025-06-06,525.0,15.0,35.0,25500.0,,18148.0,35.0,Evergreen Mag
June,Zahnheld,labellove84,LS,ig,story,done,2025-06-02,nichts,,100.0,7.0,0.0,,,,,
June,Vonmählen,claudiafie,LS,ig,story inkl. rem.,done,2025-06-03,reminder,,150.0,3.0,50.0,6800.0,,0.0,0.0,Evergreen Mag
June,IOS,patrickheckl,JT,ig,story inkl. rem.,done,2025-06-03,reminder,2025-06-15,1.4,50.0,28.0,,,,,IOS Suit
June,girlgotlashes,jennamiller,JT,ig,story inkl. rem.,done,2025-06-04,reminder,2025-06-11,6.5,,,,,,,Wimpernset
June,IEA,claudiafie,LB,ig,story inkl. rem.,done,2026-06-04,reminder,2025-06-10,130.0,3.0,43.0,2000.0,,0.0,0.0,Insektenstichheiler + Migränemaske
June,Bauhaus,dahoam_mit_herz,LS,ig,story inkl. rem.,done,2025-06-05,reminder,2025-06-08,450.0,15.0,30.0,,,,,
June,Bauhaus,hausnr_8,LS,ig,story inkl. rem.,done,2025-06-05,reminder,2025-06-07,400.0,10.0,40.0,,,,,
June,Bauhaus,werbauteinhaus,LS,ig,story inkl. rem.,done,2025-06-05,reminder,2025-06-10,300.0,6.0,50.0,,,,,
June,Bauhaus,builtmyhomebytm,LS,ig,story inkl. rem.,done,2025-06-05,reminder,2025-06-08,600.0,20.0,30.0,,,,,
June,Bauhaus,villa.v.interieur,LS,ig,story inkl. rem.,done,2025-06-05,reminder,2025-06-09,500.0,13.0,38.0,,,,,
June,Bauhaus,tina_mom_91,LS,ig,story,done,2025-06-05,nichts,,250.0,12.0,21.0,,,,,
June,Bauhaus,home_and_interior,LS,ig,story inkl. rem.,done,2025-06-05,reminder,2025-06-09,900.0,25.0,36.0,,,,,
June,Hydraid,princessmaikelea,JT,ig,story,done,2025-06-06,nichts,,600.0,,,,,,,Starter Set
June,Hydraid,lenaschreiber,LB,ig,story inkl. rem.,done,2025-06-06,reminder,2025-06-17,800.0,13.0,62.0,,,,,
June,IEA,jennifer.wittenberger,LS,ig,story inkl. rem.,done,2025-06-10,reminder,,450.0,14.0,32.0,,,,,
June,IEA,Giulia Groth,LB,ig,story inkl. rem.,done,2025-06-10,reminder,2025-06-17,800.0,40.0,20.0,,,,,
June,IEA,_babsi_ba,LB,ig,story inkl. rem.,done,2025-06-10,reminder,2025-06-16,500.0,13.0,38.0,,,,,
June,Vonmählen,sarah.fbr,LS,ig,story inkl. rem.,done,2025-06-10,reminder,2025-06-17,400.0,10.0,40.0,289.0,7.8,20164.0,50.0,
June,TerraCanis,janinakindt,SB,ig,story inkl. rem.,done,2025-06-12,reminder,2025-06-15,300.0,14.0,21.0,,,,,Hundefutter allgemein
June,Vonmählen,paulina_sophiee,LS,ig,story inkl. rem.,done,2025-06-10,reminder,2025-06-17,550.0,10.0,55.0,23700.0,6.0,8727.0,16.0,
June,TerraCanis,jess___blog ,SB,ig,story inkl. rem.,done,2025-06-11,reminder,2025-06-14,1.0,28.0,36.0,,,,,Hundefutter allgemein
June,IEA,heikegerkrath,LB,ig,story inkl. rem.,done,2025-06-11,reminder,2025-06-17,200.0,4.0,50.0,,,,,
June,TerraCanis,_moon_emma_,SB,ig,story inkl. rem.,done,2025-06-11,reminder,2025-06-14,300.0,15.0,20.0,,,,,Hundefutter allgemein
June,Zahnheld,patrickheckl,LS,ig,story inkl. rem.,done,2025-06-12,reminder,2025-06-14,1.4,50.0,28.0,,,,,Schallzahnbürste
June,Vonmählen,femily.hashtagt,LS,ig,story inkl. rem.,done,2025-06-12,reminder,2025-06-19,2.5,60.0,42.0,,,,,
June,Bauhaus,tina_mom_91,LS,ig,story inkl. rem.,done,2025-06-12,reminder,,250.0,12.0,21.0,,,,,
June,Zahnheld,miss_schumiiiandfamily,LS,ig,story inkl. rem.,done,2025-06-13,reminder,2025-06-16,900.0,25.0,36.0,,20.0,,,
June,girlgotlashes,curvywelt,DP,ig,story inkl. rem.,done,2025-06-13,reminder,2025-06-16,350.0,12.692,28.0,,,,,
June,IOS,alexperiences,JT,ig,story inkl. rem.,done,2025-06-07,reminder,2025-06-09,300.0,8.0,38.0,,,,,
June,Vonmählen,labellove84,LS,ig,story,done,2025-06-15,nichts,,,,,,,,,
June,TerraCanis,die.reuters,SB,ig,story inkl. rem.,done,2025-06-15,reminder,2025-06-18,700.0,25.0,28.0,,,,,Hundefutter allgemein
June,TerraCanis,mrs.tews,SB,ig,story inkl. rem.,done,2025-06-15,reminder,2025-06-18,1.15,30000.0,38.0,,,,,Hundefutter allgemein
June,Hydraid,kerstincolucci,LB,ig,story inkl. rem.,done,2025-06-16,reminder,2025-06-23,150.0,3.5,43.0,,,,,
June,TerraCanis,marie.znowhite,SB,ig,story inkl. rem.,done,2025-06-17,reminder,2025-06-20,150.0,5.0,30.0,,,,,Hundefutter allgemein
June,Hydraid,alessiamoves,LS,ig,story inkl. rem.,done,2025-06-17,reminder,2025-06-20,200.0,8.0,25.0,,,,,
June,girlgotlashes,kathi_on_her_journey,DP,ig,story inkl. rem.,done,2025-06-17,reminder,2025-06-21,400.0,16.571,24.0,,,,,Wimpernset
June,IOS,two.moms.one.journey,JT,ig,story inkl. rem.,done,2025-06-23,reminder,2025-06-25,450.0,14.0,32.0,,,,,
June,Vonmählen,travelista.aa,LS,ig,story,done,2025-06-17,nichts,,0.0,5.0,0.0,,,,,
June,Vonmählen,vika.rusch,LS,ig,story,done,2025-06-18,nichts,,0.0,1.0,0.0,,,,,
June,Hydraid,sophiavanlaak,LS,ig,story inkl. rem.,done,2025-06-18,reminder,2025-06-25,550.0,10.0,55.0,,8.6,,,
June,girlgotlashes,fashionkitchen,DP,ig,story inkl. rem.,done,2025-06-18,reminder,2025-06-21,400.0,11.563,35.0,,,,,Wimpernset
June,Zahnheld,karolina.deiss ,SB,ig,story inkl. rem.,done,2025-06-19,reminder,2025-06-21,1.7,50.0,34.0,,,,,Schallzahnbürste
June,TerraCanis,djangoholly_crazy_greek_dogs,SB,ig,story inkl. rem.,done,2025-06-19,reminder,2025-06-25,,,,,,,,Hundefutter allgemein
June,girlgotlashes,cassycassau,SB,ig,story inkl. rem.,done,2025-06-20,reminder,,,,,,,,,Wimpernset
June,TerraCanis,vera_intveen,SB,ig,story inkl. rem.,done,2025-06-20,reminder,2025-06-27,1.25,27.0,46.0,,,,,Hundefutter allgemein
June,girlgotlashes,sandra.sicora,SB,ig,story inkl. rem.,done,2025-06-21,reminder,2025-06-23,1.5,,,,,,,Wimpernset
June,girlgotlashes,kathiwagener,DP,ig,story inkl. rem.,done,2025-06-25,reminder,2025-07-01,800.0,16.0,50.0,,,,,Wimpernset
June,Hydraid,running.ronja,LB,ig,story inkl. rem.,done,2025-06-23,reminder,,500.0,10.0,50.0,,,,,
June,girlgotlashes,my_beautyful_things,SB,ig,story inkl. rem.,done,2025-06-23,reminder,2025-06-26,0.0,,,,,,,Wimpernset
June,Hydraid,stephie_esspunkt,LB,ig,story inkl. rem.,done,2025-06-25,reminder,2025-06-30,0.0,90000.0,0.0,,,,,
June,Zahnheld,_moon_emma_,SB,ig,story inkl. rem.,done,2025-06-25,reminder,2025-06-27,400.0,15.0,27.0,,,,,Schallzahnbürste
June,girlgotlashes,miss.puschinella,SB,ig,story inkl. rem.,done,2025-06-25,reminder,2025-06-28,0.0,,,,,,,Wimpernset
June,Zahnheld,einfach.stephi,LS,ig,story inkl. rem.,done,2025-06-25,reminder,,300.0,,,,,,,
June,girlgotlashes,dobbyundjo,SB,ig,story inkl. rem.,done,2025-06-26,reminder,2025-07-01,1.6,,,,,,,Wimpernset
June,Bauhaus,leicht.umsetzbar,LS,ig,story inkl. rem.,done,2025-06-26,reminder,2025-06-28,650.0,,,,,,,
June,IOS,yonca_amero,DP,ig,story inkl. rem.,done,2025-06-07,reminder,2025-06-10,1.0,27.25,37.0,,,,,
June,IOS,the_equestrian_couple,DP,ig,story inkl. rem.,done,2025-06-30,reminder,2025-07-03,200.0,5.5,36.0,,,,,
June,Zahnheld,labellove84,LS,ig,story inkl. rem.,done,2025-06-26,reminder,2025-06-30,100.0,7.0,14.0,,,,,
June,girlgotlashes,isabellajahn_,DP,ig,story inkl. rem.,done,2025-06-24,reminder,2025-06-27,150.0,1.95,77.0,,,,,Wimpernset
June,IOS,svenhphotography,DP,ig,story inkl. rem.,done,2025-06-06,reminder,2025-06-09,300.0,5.5,55.0,,,,,
June,Rudelkönig,dahoam_mit_herz,DP,ig,story inkl. rem.,done,2025-06-04,reminder,2025-06-05,400.0,9.0,44.0,,,,,
June,IOS,Moritzdenninger,DP,ig,story inkl. rem.,done,2025-06-26,reminder,2025-06-29,400.0,25.0,16.0,,,,,
June,IEA,einfach.stephi,LS,ig,story inkl. rem.,done,2025-06-27,reminder,2025-07-01,150.0,10.0,15.0,,,,,
June,Zahnheld,aenna.xoxo,SB,ig,story inkl. rem.,done,2025-06-28,reminder,2025-06-30,800.0,17.5,46.0,,,,,Schallzahnbürste
June,Zahnheld,paulina_sophiee,SB,ig,story inkl. rem.,done,2025-06-24,reminder,2025-06-27,550.0,10.0,55.0,,,,,
June,Purelei,Nina_schwoerer,DP,ig,story inkl. rem.,done,2025-06-27,reminder,2025-06-30,0.0,3.2,0.0,,,,,
June,Purelei,bettinafuchs___,DP,ig,story inkl. rem.,done,2025-06-24,reminder,2025-06-27,0.0,2.65,0.0,,,,,
June,Purelei,sandys.bunte.welt,DP,ig,story inkl. rem.,done,2025-06-23,reminder,2025-06-27,0.0,20000.0,0.0,,,,,
June,Purelei,svenjafuxs,DP,ig,story inkl. rem.,done,2025-06-20,reminder,2025-06-26,400.0,14.73,27.0,,,,,
June,Purelei,ordnungsverliebt_,LL,ig,story inkl. rem.,done,2025-06-30,reminder,2025-07-02,180.0,5.547,32.0,,,,,
6,TerraCanis,siberian_husky_power,DP,ig,story inkl. rem.,done,,reminder,,0.0,1.3,,,,,,
6,TerraCanis,siberian_husky_power,DP,tiktok,tiktok,done,,nichts,,0.0,5.0,,,,,,
June,Purelei,laxobu,LL,ig,story inkl. rem.,done,2025-06-26,reminder,2025-06-30,90.0,6.15,15.0,,,,,
June,Purelei,liebevoll.aufwachsen,LL,ig,story inkl. rem.,done,2025-06-26,reminder,2025-06-29,190.0,8.924,21.0,,,,,
June,Purelei,celineft1,LL,ig,story inkl. rem.,done,2025-06-28,reminder,2025-06-30,275.0,5.515,50.0,,,,,
June,Purelei,diana_pekic,SB,ig,story inkl. rem.,done,2025-06-24,reminder,2025-06-27,450.0,17.057,26.0,,,,,
June,Purelei,lea_tntw,DP,ig,story inkl. rem.,done,2025-06-27,reminder,2025-06-30,200.0,,,,,,,
June,Purelei,lea_tntw,DP,tiktok,tiktok live,done,2025-06-28,nichts,,100.0,,,,,,,
June,Purelei,einfach.stephi,LS,ig,story inkl. rem.,done,2025-06-28,reminder,2025-06-30,350.0,10.0,35.0,,,,,
June,Purelei,janihager,SB,ig,story inkl. rem.,done,2025-06-28,reminder,2025-06-30,850.0,20.0,43.0,,,,,
June,Purelei,paulina_sophiee,SB,ig,story inkl. rem.,done,2025-06-28,reminder,2025-06-30,550.0,10.0,55.0,,,,,
June,Purelei,emilylior,SB,ig,story inkl. rem.,done,2025-06-28,reminder,2025-06-30,200.0,7.0,29.0,,,,,
June,Purelei,leni.isst,DP,ig,story inkl. rem.,done,2025-06-25,reminder,2025-06-30,950.0,59.13,16.0,,,,,
June,Purelei,diebellies,DP,ig,story inkl. rem.,done,2025-06-27,reminder,2025-06-30,750.0,35.2,21.0,,,,,
June,Purelei,jule.popule,JT,ig,story inkl. rem.,done,2025-06-27,reminder,2025-06-29,1.5,36.0,42.0,,,,,
June,Purelei,fiona_bliedtner,SB,ig,story inkl. rem.,done,2025-06-27,reminder,2025-06-29,100.0,1.5,67.0,,,,,
June,Purelei,alpenbaby,SB,ig,story inkl. rem.,done,2025-06-29,reminder,2025-07-01,1.25,28.0,45.0,,,,,
June,Purelei,patriciakraft,SB,ig,story,done,2025-06-30,reminder,,1.5,35.3,42.0,,,,,
June,Purelei,loeckchenzauber,DP,ig,story inkl. rem.,done,2025-06-30,reminder,2025-07-03,950.0,25.3,38.0,,,,,
June,Purelei,_Vanessasiel,DP,ig,story inkl. rem.,done,2025-06-30,reminder,2025-07-04,700.0,17.06,41.0,,,,,
July,Purelei,unterwegsmitjulia,DP,ig,story inkl. rem.,done,2025-07-01,reminder,2025-07-05,750.0,19.224,39.0,,,,,Schmuck individuell
July,Vonmählen,Aenna.xoxo,LB,ig,story inkl. rem.,done,2025-07-02,reminder,2025-07-06,800.0,17.5,46.0,,,,,
July,Purelei,laura.hrsh,SB,ig,story inkl. rem.,done,2025-07-02,reminder,2025-07-07,1.0,38.19,26.0,,,,,Schmuck individuell
July,girlgotlashes,miss.puschinella,SB,ig,reel,done,2025-07-02,nichts,,0.0,,,,,,,Wimpernset
July,Purelei,our.best.journey,DP,ig,story inkl. rem.,done,2025-07-02,reminder,2025-07-11,450.0,16.45,27.0,,,,,Schmuck individuell
July,Hydraid,sophiavanlaak,LS,ig,story inkl. rem.,done,2025-07-03,reminder,2025-07-09,450.0,10.0,45.0,,,,,
July,Purelei,saniskates,JT,ig,story inkl. rem.,done,2025-07-03,reminder,2025-07-05,1.75,50.0,35.0,,,,,Schmuck individuell
July,Bauhaus,esthercrash,LS,ig,story inkl. rem.,done,2025-07-03,reminder,2025-07-08,250.0,8.0,31.0,,,,,
July,IEA,leicht.umsetzbar,LS,ig,story inkl. rem.,done,2025-07-03,reminder,2025-07-06,850.0,20.0,43.0,,,,,
July,Purelei,liaundalfi,SB,ig,story inkl. rem.,done,2025-07-03,reminder,2025-07-09,1.0,47.0,21.0,,,,,Schmuck individuell
July,Purelei,officialyvonnemouhlen,DP,ig,story inkl. rem.,done,2025-07-04,reminder,2025-07-06,700.0,38.7,18.0,,,,,Schmuck individuell
July,Purelei,woelbchen,JT,ig,story inkl. rem.,done,2025-07-04,reminder,2025-07-08,2.5,55.0,45.0,,,,,Schmuck individuell
July,Purelei,_leahsr,SB,ig,story inkl. rem.,done,2025-07-04,reminder,2025-07-09,630.0,18.0,35.0,,,,,Schmuck individuell
July,Vonmählen,kriskemmetinger,LS,ig,story inkl. rem.,done,2025-07-04,reminder,2025-07-09,100.0,8.0,13.0,,,,,
July,Purelei,Alexa Anton,DP,ig,story inkl. rem.,done,2025-07-05,reminder,2025-07-07,0.0,3.68,0.0,,,,,Schmuck individuell
July,Purelei,selinaosoul (happykatalina),SB,ig,story inkl. rem.,done,2025-07-05,reminder,2025-07-09,250.0,24.0,10.0,,,,,Schmuck individuell
July,Purelei,aboutnati__,LL,ig,story inkl. rem.,done,2025-07-06,reminder,2025-07-10,180.0,4.674,39.0,,,,,Schmuck individuell
July,TerraCanis,vera_intveen,SB,ig,story inkl. rem.,done,2025-07-06,reminder,2025-07-11,1.25,27.0,46.0,,,,,Hundefutter allgemein
July,girlgotlashes,cassycassau,SB,ig,reel,done,2025-07-07,reminder,,0.0,,0.0,,,,,Wimpernset
July,Vonmählen,joanaslichtpoesie,LS,ig,story inkl. rem.,done,2025-07-07,reminder,2025-07-13,2.1,60.0,35.0,,,,,
July,TerraCanis,jess___blog ,SB,ig,story inkl. rem.,done,2025-07-07,reminder,2025-07-09,1.0,28.0,36.0,,,,,Hundefutter allgemein
July,girlgotlashes,justsayeleanor,DP,ig,story inkl. rem.,done,2025-07-07,reminder,2025-07-10,1.3,29.05,45.0,,,,,Wimpernset
July,girlgotlashes,Gloria.Glumac,DP,ig,story inkl. rem.,done,2025-07-08,reminder,2025-07-10,1.1,128.844,9.0,,,,,Wimpernset
July,Purelei,dinas.snacks,SB,ig,story inkl. rem.,done,2025-07-08,reminder,2025-07-10,250.0,12.0,21.0,,,,,Schmuck individuell
July,IEA,the.hendersons,LB,ig,story inkl. rem.,done,2025-07-09,reminder,2025-07-14,750.0,16.9,44.0,,,,,
July,Farben Löwe,gebardis,LS,ig,story inkl. rem.,done,2025-07-10,reminder,2025-07-17,0.0,20.0,0.0,,,,,
July,Purelei,susanne_twentytwoplotts,LL,ig,story inkl. rem.,done,2025-07-09,reminder,2025-07-12,280.0,11.602,24.0,,,,,Schmuck individuell
July,girlgotlashes,stephis.familienleben,DP,ig,story inkl. rem.,done,2025-07-10,reminder,2025-07-13,300.0,,,,,,,Wimpernset
July,Purelei,zuckerwattenwunder,SB,ig,story inkl. rem.,done,2025-07-10,reminder,2025-07-13,450.0,35.0,13.0,,,,,Schmuck individuell
July,IEA,sarah_schleicher_,LS,ig,story inkl. rem.,done,2025-07-10,reminder,2025-07-12,200.0,8.0,25.0,,,,,
July,Bauhaus,dahoam_mit_herz,LS,ig,story inkl. rem.,done,2025-07-10,reminder,2025-07-12,450.0,15.0,30.0,,,,,
July,Purelei,vallixpauline,DP,ig,story inkl. rem.,done,2025-07-18,reminder,2025-07-21,1.0,23.401,43.0,,,,,Schmuck individuell
July,Purelei,_babsi_ba,DP,ig,story inkl. rem.,done,2025-07-10,reminder,2025-07-13,600.0,18.0,33.0,,,,,Schmuck individuell
July,Zahnheld,_moon_emma_,SB,ig,story inkl. rem.,done,2025-07-11,reminder,2025-07-13,300.0,15.0,20.0,,,,,Schallzahnbürste
July,IOS,svenhphotography,DP,ig,story inkl. rem.,done,2025-07-11,reminder,2025-07-14,300.0,5.5,55.0,,,,,
July,Purelei,stephis.familienleben,LL,ig,story inkl. rem.,done,2025-07-11,reminder,2025-07-14,250.0,12.858,19.0,,,,,Schmuck individuell
July,Purelei,_11imglueck,SB,ig,story inkl. rem.,done,2025-07-12,reminder,2025-07-14,1.5,180.0,8.0,,,,,Schmuck individuell
July,Rudelkönig,aenna_xoxo,DP,ig,story inkl. rem.,done,2025-07-12,reminder,2025-07-14,700.0,17.0,41.0,,,,,"- Schleppleine orange 5m
- Geschirr Bella M
- Hundebademantel M
- Futterplatzset Keramik Weiß
- Kofferraumschutz gesteppt"
July,Purelei,cocolie.brokkoli,SB,ig,story inkl. rem.,done,2025-07-12,reminder,2025-07-15,2.5,70.0,36.0,,,,,Schmuck individuell
July,Purelei,frau.wonnevoll,DP,ig,story inkl. rem.,done,2025-07-12,reminder,2025-07-18,650.0,16.7,39.0,,,,,Schmuck individuell
July,Purelei,svenjafuxs,SB,ig,story inkl. rem.,done,2025-07-14,reminder,2025-06-18,500.0,14.73,34.0,,,,,Schmuck individuell
July,Purelei,fabulous_nougat,DP,ig,story inkl. rem.,done,2025-07-14,reminder,2025-07-16,600.0,30.0,20.0,,,,,Schmuck individuell
July,Purelei,mrs_ermerson,SB,ig,story inkl. rem.,done,2025-07-12,reminder,2025-07-15,2.0,50.0,40.0,,,,,Schmuck individuell
July,Zahnheld,paulina_sophiee,SB,ig,story inkl. rem.,done,2025-07-13,reminder,2025-07-15,550.0,10.0,55.0,,,,,Schallzahnbürste
July,Purelei,caroline.helming,SB,ig,story inkl. rem.,done,2025-07-13,reminder,2025-07-22,1.0,28.0,36.0,,,,,Schmuck individuell
July,IEA,villaneubi,,ig,story inkl. rem.,done,2025-07-13,reminder,2025-07-15,400.0,23.0,17.0,,,,,
July,Purelei,dr.med_muellner,SB,ig,story inkl. rem.,done,2025-07-13,reminder,2025-07-16,1.5,25.0,60.0,,,,,Schmuck individuell
July,Purelei,nina.reality,DP,ig,story inkl. rem.,done,2025-07-13,reminder,2025-07-16,0.0,4.3,0.0,,,,,Schmuck individuell
July,Purelei,bully.joia,SB,ig,story inkl. rem.,done,2025-07-14,reminder,2025-07-17,400.0,8.4,48.0,,,,,Schmuck individuell
July,TerraCanis,kikidoyouloveme,SB,ig,story,done,2025-07-14,nichts,,6.0,150.0,40.0,,,,,Hundefutter allgemein
July,Farben Löwe,_interior_and_more,LS,ig,story inkl. rem.,done,2025-07-14,reminder,2025-07-21,300.0,10.0,30.0,,,,,
July,Purelei,miraams,SB,ig,story inkl. rem.,done,2025-07-14,reminder,2025-07-17,1.5,60.0,25.0,,,,,Schmuck individuell
July,girlgotlashes,my_beautyful_things,SB,ig,story inkl. rem.,done,2025-07-14,reminder,2025-07-17,0.0,,,,,,,Wimpernset
July,girlgotlashes,onlyalinii,SB,ig,tiktok,done,2025-07-14,reminder,2025-07-17,0.0,,,,,,,Wimpernset
July,Hydraid,lenaschreiber,LB,ig,story inkl. rem.,done,2025-07-15,reminder,2025-07-21,800.0,13.4,60.0,,,,,
July,Hydraid,just.gocycling,LB,ig,story inkl. rem.,done,2025-07-15,reminder,2025-07-21,400.0,11.6,34.0,,,,,
July,TerraCanis,karolina.deiss ,SB,ig,story inkl. rem.,done,2025-07-15,reminder,2025-07-18,1.7,50.0,34.0,,,,,Hundefutter allgemein
July,Hydraid,alessiamoves,LS,ig,story inkl. rem.,done,2025-07-15,reminder,2025-07-17,300.0,8.0,38.0,,,,,
July,Farben Löwe,sarah_schleicher_,LS,ig,story inkl. rem.,done,2025-07-15,reminder,2025-07-18,200.0,8.0,25.0,,,,,
July,Purelei,emilylior,SB,ig,story inkl. rem.,done,2025-07-15,reminder,2025-07-18,200.0,7.0,29.0,,,,,Schmuck individuell
July,IEA,lisajungx,LB,ig,story inkl. rem.,done,2025-07-16,reminder,2025-07-20,1.0,20.0,50.0,,,,,
July,girlgotlashes,mrs.marlisa,DP,ig,story inkl. rem.,done,2025-07-16,reminder,2025-07-19,500.0,46.0,11.0,,,,,Wimpernset
July,girlgotlashes,mallieee_,SB,ig,story inkl. rem.,done,2025-07-16,reminder,2025-07-19,0.0,,,,,,,Wimpernset
July,Zahnheld,labellove84,LS,ig,story,done,2025-07-16,reminder,2025-07-21,200.0,7.0,0.0,,,,,Schallzahnbürste
July,TerraCanis,janinakindt,SB,ig,story inkl. rem.,done,2025-07-16,reminder,2025-07-18,300.0,14.0,21.0,,,,,Hundefutter allgemein
July,Purelei,maggieee_yt,DP,ig,story inkl. rem.,done,2025-07-17,reminder,2025-07-19,6.0,144.2,42.0,,,,,Schmuck individuell
July,Bauhaus,hausnr_8,LS,ig,story inkl. rem.,done,2025-07-17,reminder,2025-07-20,400.0,10.0,40.0,,,,,
July,girlgotlashes,miss.puschinella,SB,ig,story inkl. rem.,done,2025-07-17,reminder,2025-07-20,0.0,,,,,,,Wimpernset
July,Hydraid,fine.nld,LS,ig,story,done,2025-07-17,nichts,,0.0,5.0,,,,,,
July,Purelei,sandra.sicora,SB,ig,story inkl. rem.,done,2025-07-17,reminder,2025-07-22,1.75,,,,,,,Schmuck individuell
July,girlgotlashes,dobbyundjo,SB,ig,story inkl. rem.,done,2025-07-18,reminder,2025-07-22,1.6,,,,,,,Wimpernset
July,Zahnheld,einfach.stephi,LS,ig,story inkl. rem.,done,2025-07-19,reminder,2025-07-21,400.0,,,,,,,Schallzahnbürste
July,Farben Löwe,saniskates,JT,ig,story inkl. rem.,done,2025-07-20,reminder,2025-07-23,2.5,50.0,50.0,,,,,
July,TerraCanis,lisarrey,SB,ig,story inkl. rem.,done,2025-07-20,reminder,2025-07-23,4.5,154.0,29.0,,,,,Hundefutter allgemein
July,Purelei,paulina_sophiee,SB,ig,story inkl. rem.,done,2025-07-21,reminder,2025-07-23,550.0,10.0,55.0,,,,,Schmuck individuell
July,Zahnheld,my_beautyful_things,SB,ig,story inkl. rem.,done,2025-07-21,reminder,2025-07-24,0.0,,,,,,,Schallzahnbürste
July,Hydraid,pius_saier,LS,ig,story inkl. rem.,done,2025-07-21,reminder,2025-07-25,1.2,30.0,40.0,,,,,
July,Purelei,vanessa.niederl,SB,ig,story inkl. rem.,done,2025-07-21,reminder,2025-07-25,1.8,,,,,,,Schmuck individuell
July,Purelei,familyfun_mileyswelt,SB,ig,story inkl. rem.,done,2025-07-21,reminder,2025-07-24,800.0,22.0,36.0,,,,,Schmuck individuell
July,IEA,janinasarahwestphal,LB,ig,story inkl. rem.,done,2025-07-22,reminder,2025-07-28,1.1,30.0,37.0,,,,,
July,Purelei,thats.mi,SB,ig,story inkl. rem.,done,2025-07-22,reminder,2025-07-24,3.75,105.0,36.0,,,,,Schmuck individuell
July,Purelei,janihager,SB,ig,story inkl. rem.,done,2025-07-22,reminder,2025-07-24,950.0,20.0,48.0,,,,,Schmuck individuell
July,IEA,myhorsediary,LS,ig,story inkl. rem.,done,2025-07-22,reminder,2025-07-30,680.0,20.0,34.0,,,,,
July,IEA,konfettiimherz,LS,ig,story inkl. rem.,done,2025-07-22,reminder,2025-07-25,2.8,80.0,42.0,,,,,
July,TerraCanis,djangoholly_crazy_greek_dogs,SB,ig,story inkl. rem.,done,2025-07-22,reminder,2025-07-30,,,,,,,,Hundefutter allgemein
July,Purelei,laxobu,SB,ig,story inkl. rem.,done,2025-07-22,reminder,2025-07-27,90.0,6.15,15.0,,,,,Schmuck individuell
July,Purelei,lisa_liilaa,LL,ig,story inkl. rem.,done,2025-07-24,reminder,2025-07-26,600.0,14.275,42.0,,,,,Schmuck individuell
July,Hydraid,adagranda_,LS,ig,story inkl. rem.,done,2025-07-25,reminder,2025-07-27,1.0,45.0,22.0,,,,,
July,Purelei,frani.fine,SB,ig,story inkl. rem.,done,2025-07-23,reminder,2025-07-26,250.0,8.0,31.0,,,,,Schmuck individuell
July,girlgotlashes,kristinathrills,DP,ig,story inkl. rem.,done,2025-07-29,reminder,2025-07-31,400.0,17.5,23.0,,,,,Flirt Filter Set & Starter Set
July,Farben Löwe,insight.bohogarden,LS,ig,story,done,2025-07-23,reminder,2025-07-30,150.0,8.0,19.0,,,,,
July,Bauhaus,buildmyhomebytm,LS,ig,story inkl. rem.,done,2025-07-24,reminder,2025-07-29,600.0,20.0,30.0,,,,,
July,Bauhaus,eigenheimliebe,LS,ig,story inkl. rem.,done,2025-07-24,reminder,2025-07-27,1.45,,,,,,,
July,Purelei,aenna.xoxo,LB,ig,story inkl. rem.,done,2025-07-24,reminder,2025-07-31,800.0,17.0,47.0,,,,,Schmuck individuell
July,Purelei,ana.snider,SB,ig,story inkl. rem.,done,2025-07-25,reminder,2025-07-29,500.0,0.0,,,,,,Schmuck individuell
July,girlgotlashes,curvywelt,DP,ig,story inkl. rem.,done,2025-07-25,reminder,2025-07-27,350.0,12.692,28.0,,,,,Wimpernset
July,Purelei,jule.popule,SB,ig,story inkl. rem.,done,2025-07-26,reminder,2025-07-30,2.0,36.0,56.0,,,,,Schmuck individuell
July,Purelei,fitaudrey,LL,ig,story inkl. rem.,done,2025-07-26,reminder,2025-07-29,1.2,31.058,39.0,,,,,Schmuck individuell
July,Purelei,allaboutjjas,SB,ig,story inkl. rem.,done,2025-07-26,reminder,2025-07-28,0.0,0.0,,,,,,Schmuck individuell
July,Purelei,celineft1,LL,ig,story inkl. rem.,done,2025-07-26,reminder,2025-07-28,400.0,5.515,73.0,,,,,Schmuck individuell
July,Purelei,AllesJut,DP,yt,yt,done,2025-07-27,nichts,,1.5,55.0,27.0,,,,,300€ Gutschein
July,Purelei,nedaxamiri,SB,ig,story inkl. rem.,done,2025-07-27,reminder,2025-07-31,400.0,15.0,27.0,,,,,Schmuck individuell
July,girlgotlashes,naddyblack2.0,SB,ig,story inkl. rem.,done,2025-07-27,reminder,2025-07-30,0.0,,,,,,,Wimpernset
July,girlgotlashes,jennyjcby,SB,ig,story inkl. rem.,done,2025-07-27,reminder,2025-07-31,0.0,,,,,,,Wimpernset
July,Purelei,miss.puschinella,SB,ig,story inkl. rem.,done,2025-07-28,reminder,2025-07-30,0.0,,,,,,,Wimpernset
July,Purelei,liebevoll.aufwachsen,SB,ig,story inkl. rem.,done,2025-07-28,reminder,2025-07-30,190.0,8.924,21.0,,,,,Schmuck individuell
July,Purelei,eva.maria_meidl ,SB,ig,story inkl. rem.,done,2025-07-28,reminder,2025-07-30,220.0,6.0,37.0,,,,,Schmuck individuell
July,IEA,saskia_and_family,LB,ig,story inkl. rem.,done,2025-07-28,reminder,2025-07-31,1.8,51.7,35.0,,,,,
July,Hydraid,runlinirun,LB,ig,story inkl. rem.,done,2025-07-28,reminder,2025-07-31,0.0,1.0,0.0,,,,,
July,girlgotlashes,lisa.schnapa,SB,ig,story inkl. rem.,done,2025-07-29,reminder,2025-08-01,480.0,14.0,34.0,,,,,Wimpernset
July,IOS,Michael Smolik,DP,ig,story inkl. rem.,done,2025-07-10,reminder,2025-07-19,2.0,60.0,33.0,,,,,
July,IOS,der_flory,JT,ig,story inkl. rem.,done,2025-07-20,reminder,2025-07-27,300.0,20.0,15.0,,,,,
July,Purelei,terri.myr,PS,ig,story inkl. rem.,done,2025-07-28,reminder,2025-07-30,150.0,8.0,19.0,,,,,
July,Purelei,selinasknopf,PS,ig,story inkl. rem.,done,2025-07-24,reminder,2025-07-30,750.0,20.0,38.0,,,,,
July,Purelei,lawa_living,PS,ig,story inkl. rem.,done,2025-07-26,reminder,2025-07-29,0.0,40000.0,0.0,,,,,
July,Purelei,julias_kleinewelt,PS,ig,story inkl. rem.,done,2025-07-28,reminder,2025-07-30,400.0,8.0,50.0,,,,,
July,Purelei,carlotta.xx,PS,ig,story inkl. rem.,done,2025-07-27,reminder,2025-07-31,1.5,32.0,47.0,,,,,
July,Purelei,Lea-Sophie Jell,PS,ig,story inkl. rem.,done,2025-07-22,reminder,2025-07-24,1.8,90.0,20.0,,,,,
July,Purelei,Milo My Hero,PS,ig,story inkl. rem.,done,2025-07-27,reminder,2025-07-30,850.0,49.0,17.0,,,,,
July,Purelei,nessiontour,PS,ig,story inkl. rem.,done,2025-07-30,reminder,2025-08-02,8.0,340.0,24.0,,,,,
July,Hydraid,sophiavanlaak,LS,ig,story inkl. rem.,done,2025-07-30,reminder,2025-08-05,450.0,10.0,45.0,,,,,
July,Purelei,mimilawrencefitness,PS,ig,story inkl. rem.,done,2025-07-26,reminder,2025-07-30,2.0,50.0,40.0,,,,,
July,Purelei,Anja Fee,PS,ig,story inkl. rem.,done,2025-07-24,reminder,2025-07-30,1.5,100.0,15.0,,,,,
July,Purelei,die.homrichs,PS,ig,story inkl. rem.,done,2025-07-28,reminder,2025-07-31,250.0,12.0,21.0,,,,,
July,Purelei,Isabeau,PS,ig,story inkl. rem.,done,2025-07-28,reminder,2025-07-30,2.5,100.0,25.0,,,,,
July,Purelei,frieda.lewin,SB,ig,story inkl. rem.,done,2025-07-28,reminder,2025-07-30,2.5,50.0,50.0,,,,,
July,Purelei,diana_pekic,SB,ig,story inkl. rem.,done,2025-07-28,reminder,2025-07-30,500.0,17.057,29.0,,,,,Schmuck individuell
July,Farben Löwe,eigenheimliebe,JT,ig,story inkl. rem.,done,2025-07-28,reminder,2025-07-30,1.8,45.0,40.0,,,,,
July,Purelei,palinamin,PS,ig,story inkl. rem.,done,2025-07-29,reminder,2025-07-31,4.0,150.0,27.0,,,,,
July,Purelei,jiggyjules,PS,ig,story inkl. rem.,done,2025-07-29,reminder,2025-07-31,500.0,13.0,38.0,,,,,
July,Hydraid,princessmaikelea,LS,ig,story inkl. rem.,done,2025-07-30,reminder,,1.0,50.0,20.0,,,,,
July,Vonmählen,nathis_lifestyle,LS,ig,story,done,2025-07-30,nichts,,,1.5,,,,,,
July,Vonmählen,vivien_rich_,LS,ig,story inkl. rem.,done,2025-07-30,reminder,2025-08-02,900.0,30.0,30.0,,,,,
July,girlgotlashes,maike.laube ,SB,ig,story inkl. rem.,done,2025-07-31,reminder,2025-08-03,0.0,,,,,,,Wimpernset
July,Vonmählen,der_flory,LS,ig,story,done,2025-07-31,reminder,2025-08-01,300.0,,,,,,,
July,Zahnheld,lisa.schnapa,SB,ig,story inkl. rem.,done,2025-07-31,reminder,2025-08-02,540.0,14.0,39.0,,,,,
July,Zahnheld,traumjob.mama,SB,ig,story inkl. rem.,done,2025-07-31,reminder,2025-08-03,2.7,,,,,,,
July,IOS,bydustinn,DP,ig,story inkl. rem.,done,2025-07-31,reminder,2025-08-04,2.31,53.9,43.0,,,,,
July,Purelei,einfach.stephi,LS,ig,story inkl. rem.,done,2025-07-31,reminder,2025-08-02,150.0,,,,,,,
July,Hydraid,absoluthedda,LB,ig,story inkl. rem.,reminder,2025-07-31,reminder,2025-08-06,220.0,5.5,40.0,,,,,
July,Hydraid,just.gocycling,LB,ig,story inkl. rem.,done,2025-07-31,reminder,2025-08-04,400.0,11.6,34.0,,,,,
August,TerraCanis,catsperte,SB,ig,story inkl. rem.,briefing,2025-08-01,reminder,,0.0,,,,,,,Schallzahnbürste
August,TerraCanis,djangoholly_crazy_greek_dogs,SB,ig,story inkl. rem.,briefing,2025-08-01,reminder,,0.0,,,,,,,Schallzahnbürste
August,TerraCanis,gestuet_wickeschliede,SB,ig,story inkl. rem.,briefing,2025-08-01,reminder,,0.0,,,,,,,
August,TerraCanis,bkh_miezenglueck,SB,ig,story inkl. rem.,briefing,2025-08-01,reminder,,0.0,,,,,,,
August,TerraCanis,dailykugel,SB,ig,story inkl. rem.,planned,2025-08-01,reminder,,0.0,,,,,,,
August,girlgotlashes,muddivated,SB,ig,story inkl. rem.,briefing,2025-08-01,reminder,2025-08-07,500.0,,,,,,,Wimpernset
August,Purelei,saraviktoria_ ,SB,ig,story inkl. rem.,briefing,2025-08-02,reminder,2025-08-04,200.0,,,,,,,Schmuck individuell
August,girlgotlashes,lenaschiwiora,SB,ig,story inkl. rem.,briefing,2015-08-02,reminder,2025-08-04,1.2,,,,,,,Wimpernset
August,Hydraid,alessiamoves,LS,ig,story inkl. rem.,done,2025-08-02,reminder,2025-08-05,300.0,8.0,38.0,,,,,
August,girlgotlashes,stephis.familienleben,DP,ig,story,briefing,2025-08-02,nichts,,0.0,,,,,,,Wimpernset
August,IEA,heikegerkrath,LB,ig,story inkl. rem.,done,2025-08-02,reminder,2025-08-05,200.0,4.0,50.0,,,,,
August,Farben Löwe,fraeulein.diy,LS,ig,story inkl. rem.,done,2025-08-03,reminder,2025-08-06,500.0,15.0,33.0,,,,,
8,TerraCanis,homeheartmade,SB,ig,story inkl. rem.,planned,,reminder,,3.333,95.0,35.0,,,,,Hundefutter allgemein
August,TerraCanis,mrs.tews,SB,ig,story inkl. rem.,briefing,2025-08-05,reminder,2025-08-08,1.15,30000.0,38.0,,,,,Hundefutter allgemein
August,Purelei,allaboutjjas,SB,ig,story inkl. rem.,planned,2025-08-05,reminder,2025-08-07,0.0,0.0,,,,,,Schmuck individuell
August,girlgotlashes,miss.puschinella,SB,ig,story inkl. rem.,briefing,2025-08-05,reminder,2025-08-10,0.0,,,,,,,Wimpernset
August,Hydraid,emma.spinsthewheel,LB,ig,story inkl. rem.,done,2025-08-06,reminder,2025-08-12,,2.0,,,,,,
August,Purelei,nedaxamiri,SB,ig,story inkl. rem.,planned,2025-08-07,reminder,2025-08-10,400.0,15.0,27.0,,,,,Schmuck individuell
August,Purelei,caroline.helming,SB,ig,story inkl. rem.,planned,2025-08-07,reminder,2025-08-17,1.0,28.0,36.0,,,,,Schmuck individuell
August,Purelei,officialyvonnemouhlen,SB,ig,story inkl. rem.,planned,2025-08-08,reminder,2025-08-10,700.0,38.7,18.0,,,,,Schmuck individuell
August,Purelei,life.to.go,DP,ig,story inkl. rem.,planned,2025-08-08,reminder,2025-08-10,1.5,57.362,26.0,,,,,Schmuck individuell
August,Purelei,Lea-Sophie Jell,PS,ig,story inkl. rem.,planned,2025-08-08,reminder,2025-08-12,1.8,90.0,20.0,,,,,
August,girlgotlashes,jennamiller,JT,ig,story inkl. rem.,briefing,2025-08-08,reminder,2025-08-15,6.5,,,,,,,Wimpernset
August,IOS,happybrackmann,JT,ig,story inkl. rem.,briefing,2025-08-08,reminder,2025-08-11,350.0,14.0,25.0,,,,,
August,Purelei,palinamin,PS,ig,story inkl. rem.,planned,2025-08-09,reminder,2025-08-22,4.0,150.0,27.0,,,,,
August,girlgotlashes,jennyjcby,SB,ig,story inkl. rem.,briefing,2025-08-10,reminder,2025-08-15,0.0,,,,,,,Wimpernset
August,Farben Löwe,buildmyhomebytm,LS,ig,story inkl. rem.,posted,2025-08-10,reminder,2025-08-13,600.0,20.0,25.0,,,,,
August,Purelei,frani.fine,SB,ig,story inkl. rem.,planned,2025-08-10,reminder,2025-08-12,250.0,8.0,31.0,,,,,Schmuck individuell
August,Valkental,markus_ebeling_reisen_natur,LB,ig,story inkl. rem.,posted,2025-08-11,reminder,2025-08-15,260.0,10.0,26.0,,,,,
August,Purelei,frieda.lewin,SB,ig,story inkl. rem.,briefing,2025-08-11,reminder,2025-08-15,2.5,50.0,50.0,,,,,
August,Purelei,_11imglueck,SB,ig,story inkl. rem.,planned,2025-08-11,reminder,2025-08-14,1.5,180.0,8.0,,,,,Schmuck individuell
August,girlgotlashes,my_beautyful_things,SB,ig,story inkl. rem.,briefing,2025-08-11,reminder,2025-08-14,0.0,,,,,,,Wimpernset
August,Hydraid,runninglisamarie,LB,ig,story inkl. rem.,posted,2025-08-12,reminder,2025-08-18,250.0,4.8,52.0,,,,,
August,Farben Löwe,home_and_interior,LS,ig,story inkl. rem.,briefing,2025-08-12,reminder,2025-08-15,900.0,25.0,36.0,,,,,
August,Purelei,mrs_ermerson,SB,ig,story inkl. rem.,planned,2025-08-12,reminder,2025-08-15,2.0,50.0,40.0,,,,,Schmuck individuell
August,Purelei,patriciakraft,SB,ig,story,briefing,2025-08-13,reminder,,1.5,35.3,42.0,,,,,Schmuck individuell
August,Purelei,geraldineschuele ,SB,ig,story inkl. rem.,planned,2025-08-13,reminder,2025-08-15,3.0,0.0,,,,,,Schmuck individuell
August,Hydraid,princessmaikelea,LS,ig,story,posted,2025-08-13,nichts,,1.0,50.0,20.0,,,,,
August,Farben Löwe,anni_interior_love,LB,ig,story inkl. rem.,planned,2025-08-14,reminder,2025-08-19,500.0,13.5,37.0,,,,,
August,Valkental,tina_mom_91,LS,ig,story inkl. rem.,briefing,2025-08-14,reminder,2025-08-18,450.0,12.0,38.0,,,,,
August,TerraCanis,karolina.deiss ,SB,ig,story inkl. rem.,briefing,2025-08-14,reminder,2025-08-18,1.7,50.0,34.0,,,,,Hundefutter allgemein
August,Zahnheld,geliebtes_hus,LS,ig,story inkl. rem.,briefing,2025-08-15,reminder,2025-08-18,900.0,25.0,36.0,,,,,
August,girlgotlashes,katharina_eisenblut_offiziell,SB,ig,story inkl. rem.,briefing,2025-08-15,reminder,2025-08-18,2.5,,,,,,,Wimpernset
August,Zahnheld,patrickheckl,LS,ig,story inkl. rem.,briefing,2025-08-15,reminder,2025-08-21,1.4,50.0,28.0,,,,,
August,Purelei,celineft1,LL,ig,story inkl. rem.,planned,2025-08-15,reminder,2025-08-17,400.0,5.515,73.0,,,,,Schmuck individuell
August,Purelei,selinasknopf,PS,ig,story inkl. rem.,planned,2025-08-15,reminder,2025-08-18,750.0,20.0,38.0,,,,,
August,Purelei,lawa_living,PS,ig,story inkl. rem.,planned,2025-08-15,reminder,2025-08-18,0.0,40000.0,0.0,,,,,
August,Valkental,stadtlandrad,LS,ig,story,briefing,2025-08-15,nichts,,0.0,,,,,,,
August,Riegel,eigenheimliebe,LS,ig,story,briefing,2025-08-15,nichts,,1.45,,,,,,,
August,TerraCanis,homeheartmade,SB,ig,story inkl. rem.,briefing,2025-08-16,reminder,2025-08-19,3.333,95.0,35.0,,,,,Hundefutter allgemein
August,Purelei,miss.puschinella,SB,ig,story inkl. rem.,briefing,2025-08-16,reminder,2025-08-18,0.0,,,,,,,Wimpernset
August,Hydraid,just.gocycling,LB,ig,story inkl. rem.,briefing,2025-08-16,reminder,2025-08-18,400.0,11.6,34.0,,,,,
August,Purelei,sandra.sicora,SB,ig,story inkl. rem.,planned,2025-08-16,reminder,2025-08-19,1.75,,,,,,,Schmuck individuell
8,girlgotlashes,geparrke,DP,ig,story inkl. rem.,planned,,reminder,,850.0,47.113,18.0,,,,,Wimpernset
August,Zahnheld,einfach.stephi,LS,ig,story inkl. rem.,briefing,2025-08-17,reminder,2025-08-19,450.0,,,,,,,
August,Farben Löwe,irina_pasternak,LB,ig,story inkl. rem.,planned,2025-08-18,reminder,2025-08-21,350.0,8.0,44.0,,,,,
August,Purelei,vanessa.niederl,SB,ig,story inkl. rem.,planned,2025-08-18,reminder,2025-07-22,0.0,,,,,,,Schmuck individuell
August,Hydraid,nh7_cycling,LB,ig,story inkl. rem.,planned,2025-08-18,reminder,2025-08-20,0.0,1.85,,,,,,
August,Purelei,svenjafuxs,SB,ig,story inkl. rem.,planned,2025-08-18,reminder,2025-08-21,500.0,14.73,34.0,,,,,Schmuck individuell
August,Zahnheld,tanjaweber,LS,ig,story inkl. rem.,briefing,2025-08-18,reminder,2025-08-20,400.0,10.0,40.0,,,,,
August,Purelei,julias_kleinewelt,PS,ig,story inkl. rem.,planned,2025-08-18,reminder,2025-08-20,400.0,8.0,50.0,,,,,
August,Hydraid,arndlepetitcycliste,LS,ig,story inkl. rem.,planned,2025-08-18,reminder,,250.0,5.0,50.0,,,,,
August,Zahnheld,labellove84,LS,ig,story inkl. rem.,briefing,2025-08-18,reminder,2025-08-24,200.0,7.0,29.0,,,,,
August,IOS,patrickheckl,JT,ig,story inkl. rem.,planned,2025-08-18,reminder,2025-08-30,1.4,50.0,28.0,,,,,
August,Hydraid,julius.runride,LS,ig,story inkl. rem.,briefing,2025-08-21,reminder,2025-08-26,500.0,10.0,50.0,,,,,
August,Purelei,carlotta.xx,PS,ig,story inkl. rem.,planned,2025-08-19,reminder,2025-08-24,1.5,32.0,47.0,,,,,
August,Purelei,familyfun_mileyswelt,SB,ig,story inkl. rem.,planned,2025-08-19,reminder,2025-08-22,800.0,22.0,36.0,,,,,Schmuck individuell
August,Farben Löwe,die.marinaaa,LS,ig,story inkl. rem.,briefing,2025-08-19,reminder,2025-08-21,1.2,28.0,43.0,,,,,
August,girlgotlashes,Kati.nfr,SB,ig,story inkl. rem.,briefing,2025-08-19,reminder,2025-08-22,600.0,,,,,,,Wimpernset
8,Farben Löwe,irina__pasternak,LB,ig,story inkl. rem.,planned,,reminder,,350.0,9.0,39.0,,,,,
August,Purelei,jule.popule,SB,ig,story inkl. rem.,planned,2025-08-20,reminder,2025-08-24,2.0,36.0,56.0,,,,,Schmuck individuell
August,Hydraid,luisasmiling,LS,ig,story,planned,2025-08-20,nichts,,1.2,30.0,40.0,,,,,
August,Purelei,woelbchen,SB,ig,story inkl. rem.,planned,2025-08-21,reminder,2025-08-24,2.5,55.0,45.0,,,,,Schmuck individuell
August,Hydraid,aileen.kxs,LB,ig,story inkl. rem.,planned,2025-08-21,reminder,2025-08-25,420.0,9.0,47.0,,,,,
August,Riegel,hausnr_8,LS,ig,story inkl. rem.,briefing,2025-08-19,reminder,2025-08-21,400.0,13.0,31.0,,,,,
August,Farben Löwe,jagras_home,LB,ig,story inkl. rem.,planned,2025-08-21,reminder,2025-08-25,850.0,22.48,38.0,,,,,
August,Purelei,janihager,SB,ig,story inkl. rem.,planned,2025-08-21,reminder,2025-08-24,950.0,20.0,48.0,,,,,Schmuck individuell
August,Valkental,wandercroissant,LS,ig,story inkl. rem.,planned,2025-08-22,reminder,2025-08-31,150.0,8.0,19.0,,,,,
August,Hydraid,lenaschreiber,LB,ig,story inkl. rem.,planned,2025-08-24,reminder,2025-08-29,800.0,18.0,44.0,,,,,
August,Purelei,paulina_sophiee,SB,ig,story inkl. rem.,planned,2025-08-24,reminder,2025-08-27,550.0,10.0,55.0,,,,,Schmuck individuell
August,Valkental,labellove84,LS,ig,story inkl. rem.,planned,2025-08-24,,2025-08-28,200.0,7.0,29.0,,,,,
August,Purelei,emilylior,SB,ig,story inkl. rem.,planned,2025-08-25,reminder,2025-08-27,200.0,7.0,29.0,,,,,Schmuck individuell
August,Farben Löwe,Sihamdelphine,LS,ig,story inkl. rem.,planned,2025-08-25,reminder,2025-08-27,0.0,1.5,0.0,,,,,
8,Farben Löwe,Holzwurm79,LS,ig,story inkl. rem.,planned,,reminder,,0.0,1.0,0.0,,,,,
8,Farben Löwe,bonnyundkleid,LS,ig,story inkl. rem.,planned,,reminder,,400.0,15.0,27.0,,,,,
8,Valkental,der_flory,LS,ig,story inkl. rem.,planned,,reminder,,500.0,23.0,22.0,,,,,
8,Purelei,bully.joia,SB,ig,story inkl. rem.,planned,,reminder,,400.0,8.4,48.0,,,,,Schmuck individuell
August,Purelei,thats.mi,SB,ig,story inkl. rem.,planned,2025-08-26,reminder,2025-08-28,3.75,105.0,36.0,,,,,Schmuck individuell
August,Hydraid,sophiavanlaak,LS,ig,story inkl. rem.,planned,2025-08-26,reminder,2025-09-01,550.0,10.0,55.0,,,,,
8,Valkental,louisematejczyk,LS,ig,story inkl. rem.,planned,,reminder,,1.5,50.0,30.0,,,,,
8,Valkental,_yvonne3009_,LS,ig,story inkl. rem.,planned,,reminder,,500.0,12.0,42.0,,,,,
8,Valkental,vivien_rich_,LS,ig,story inkl. rem.,planned,,reminder,,1.0,25.0,40.0,,,,,
8,Valkental,tanjaweber,LS,ig,story inkl. rem.,planned,,reminder,,400.0,10.0,40.0,,,,,
8,Valkental,foerde_fraeulein,LS,ig,story inkl. rem.,planned,,reminder,,500.0,8.0,63.0,,,,,
August,Hydraid,adagranada_,LS,ig,story inkl. rem.,planned,2025-08-26,reminder,2025-08-31,1.0,45.0,22.0,,,,,
August,Farben Löwe, house_of_wood_ ,LS,ig,story inkl. rem.,planned,2025-08-29,reminder,2025-08-31,500.0,13.0,38.0,,,,,
August,Hydraid,princessmaikelea,LS,ig,story,planned,2025-08-31,nichts,,1.0,50.0,20.0,,,,,
8,Purelei,leni.isst,DP,ig,story inkl. rem.,planned,,reminder,,950.0,59.13,16.0,,,,,Schmuck individuell
8,Purelei,ordnungsverliebt_,LL,ig,story inkl. rem.,planned,,reminder,,180.0,5.547,32.0,,,,,Schmuck individuell
8,Purelei,diana_pekic,SB,ig,story inkl. rem.,planned,,reminder,,500.0,17.057,29.0,,,,,Schmuck individuell
August,Purelei,liebevoll.aufwachsen,SB,ig,story inkl. rem.,planned,2025-08-11,reminder,2025-08-13,190.0,8.924,21.0,,,,,Schmuck individuell
August,Purelei,Kati.nfr,SB,ig,story inkl. rem.,planned,2025-08-25,reminder,2025-08-28,600.0,,,,,,,Wimpernset
August,girlgotlashes,stephis.familienleben,DP,ig,story inkl. rem.,planned,2025-08-23,reminder,2025-08-27,650.0,,,,,,,Wimpernset
August,Purelei,nicolnic90,SB,ig,story inkl. rem.,planned,2025-08-19,reminder,2025-08-27,5.5,200.0,28.0,,,,,Schmuck individuell
8,girlgotlashes,maike.laube ,SB,ig,story inkl. rem.,planned,,reminder,,0.0,,,,,,,Wimpernset
August,Purelei,terri.myr,PS,ig,story inkl. rem.,planned,2025-08-11,reminder,2025-08-14,150.0,8.0,19.0,,,,,
August,Purelei,jiggyjules,PS,ig,story inkl. rem.,planned,2025-08-18,reminder,2025-08-21,500.0,13.0,38.0,,,,,
August,Purelei,Milo My Hero,PS,ig,story inkl. rem.,planned,2025-08-18,reminder,2025-08-20,850.0,49.0,17.0,,,,,
August,Purelei,nessiontour,PS,ig,story inkl. rem.,planned,2025-08-05,reminder,2025-08-07,8.0,340.0,24.0,,,,,
August,Purelei,die.homrichs,PS,ig,story inkl. rem.,planned,2025-08-18,reminder,2025-08-21,250.0,12.0,21.0,,,,,
August,Purelei,mimilawrencefitness,PS,ig,story inkl. rem.,planned,2025-08-20,reminder,2025-08-22,2.0,50.0,40.0,,,,,
August,Purelei,Anja Fee,PS,ig,story inkl. rem.,planned,2025-08-16,reminder,2025-08-21,1.5,100.0,15.0,,,,,
August,Purelei,Isabeau,PS,ig,story inkl. rem.,planned,2025-08-14,reminder,2025-08-16,2.5,100.0,25.0,,,,,
8,Purelei,,PS,ig,story inkl. rem.,planned,,reminder,,,,,,,,,
August,Zahnheld,karolina.deiss ,SB,ig,story inkl. rem.,briefing,2025-08-21,reminder,2025-08-24,1.7,50.0,34.0,,,,,Schallzahnbürste
August,TerraCanis,vera_intveen,SB,ig,story inkl. rem.,planned,2025-08-11,reminder,2025-08-17,1.25,27.0,46.0,,,,,Hundefutter allgemein
August,girlgotlashes,dobbyundjo,SB,ig,story inkl. rem.,briefing,2025-08-14,reminder,2025-08-19,1.6,,,,,,,Wimpernset
August,girlgotlashes,mallieee_,SB,ig,tiktok,briefing,2025-08-12,reminder,,0.0,,,,,,,Wimpernset
August,girlgotlashes,onlyalinii,SB,ig,tiktok,planned,2025-08-24,reminder,2025-08-27,0.0,,,,,,,Wimpernset
August,TerraCanis,marie.znowhite,SB,ig,story inkl. rem.,briefing,2025-08-22,reminder,2025-08-25,150.0,5.0,30.0,,,,,
August,Purelei,katharinaivanova,SB,ig,story inkl. rem.,planned,2025-08-14,reminder,2025-08-16,,,,,,,,Schmuck individuell
August,Kulturwerke,_happy4family_ ,SB,ig,story inkl. rem.,briefing,2025-08-16,reminder,2025-08-18,80.0,3.2,25.0,,,,,
8,Kulturwerke,emelybasics,SB,ig,story inkl. rem.,planned,,reminder,,450.0,8.0,56.0,,,,,
August,Zahnheld,aenna.xoxo,SB,ig,story inkl. rem.,briefing,2025-08-27,reminder,,800.0,17.5,46.0,,,,,Schallzahnbürste
August,Purelei,fraeuleinemmama,SB,ig,story inkl. rem.,planned,2025-08-20,reminder,2025-08-24,1.4,,,,,,,Schmuck individuell
8,IOS,philipp.lipiarski,DP,ig,story inkl. rem.,briefing,,reminder,,0.0,3.9,0.0,,,,,
August,IOS,lucafrua,DP,ig,story inkl. rem.,briefing,2025-08-07,reminder,,400.0,9.5,42.0,,,,,
8,Hydraid,Annikazion,LB,ig,story inkl. rem.,planned,,reminder,,2.0,64.0,31.0,,,,,
August,girlgotlashes,Marisa Hofmeister,DP,ig,story inkl. rem.,planned,2025-08-11,reminder,2025-08-13,1.0,35.0,29.0,,,,,Wimpernset
8,Kulturwerke,dielieblingslehrerin,DP,ig,story inkl. rem.,briefing,,reminder,,250.0,4.5,56.0,,,,,
August,Kulturwerke,nedaaxmini,DP,ig,story inkl. rem.,briefing,2025-08-23,reminder,2025-09-05,700.0,28700.0,24.0,,,,,
August,Kulturwerke,Noel Dederichs,DP,ig,story inkl. rem.,briefing,2025-08-24,reminder,2025-08-28,850.0,27000.0,31.0,,,,,
August,Kulturwerke,Annikaaroundtheworld_,DP,ig,story inkl. rem.,briefing,2025-08-24,reminder,2025-08-27,450.0,14530.0,31.0,,,,,
8,girlgotlashes,curvywelt,DP,ig,story inkl. rem.,planned,,reminder,,400.0,12.692,32.0,,,,,Wimpernset
August,Kulturwerke,emilylior,SB,ig,story inkl. rem.,briefing,2025-08-29,reminder,2025-08-31,400.0,10.0,40.0,,,,,Schmuck individuell
August,girlgotlashes,tina_mom_91,DP,ig,story inkl. rem.,planned,2025-08-28,reminder,2025-08-31,450.0,12.0,38.0,,,,,Wimpernset
8,Zahnheld,diana_pekic,DP,ig,story inkl. rem.,planned,,reminder,,500.0,17.057,29.0,,,,,Wimpernset
8,girlgotlashes,diana_pekic,DP,ig,story inkl. rem.,planned,,reminder,,500.0,17.057,29.0,,,,,
8,Zahnheld,officialyvonnemouhlen,DP,ig,story inkl. rem.,planned,,reminder,,700.0,38.7,18.0,,,,,
8,girlgotlashes,officialyvonnemouhlen,DP,ig,story inkl. rem.,planned,,reminder,,700.0,38.7,18.0,,,,,
8,Zahnheld,caroline.helming,DP,ig,story inkl. rem.,planned,,reminder,,1.0,28.0,36.0,,,,,
8,girlgotlashes,caroline.helming,DP,ig,story inkl. rem.,planned,,reminder,,1.0,28.0,36.0,,,,,
,TerraCanis,siberian_husky_power,DP,ig,story inkl. rem.,planned,,reminder,,0.0,1.3,,,,,,Hundefutter allgemein
,Purelei,leni.isst,DP,ig,story inkl. rem.,planned,,reminder,,950.0,59.13,16.0,,,,,Schmuck individuell
,Purelei,ordnungsverliebt_,LL,ig,story inkl. rem.,planned,,reminder,,180.0,5.547,32.0,,,,,Schmuck individuell
,Purelei,katharinaivanova,SB,ig,story inkl. rem.,planned,,reminder,,,,,,,,,Schmuck individuell
September,Zahnheld,miss_schumiiiiandfamily,LS,ig,story inkl. rem.,planned,2025-09-01,reminder,2025-09-04,900.0,25.0,36.0,,,,,
September,Valkental,stephis.familienleben,LS,ig,story inkl. rem.,planned,2025-09-01,reminder,2025-09-08,450.0,12.0,38.0,,,,,
9,TerraCanis,homeheartmade,SB,ig,story inkl. rem.,planned,,reminder,,3.333,95.0,35.0,,,,,Hundefutter allgemein
September,TerraCanis,karolina.deiss ,SB,ig,story inkl. rem.,planned,2025-09-15,reminder,2025-09-18,1.7,50.0,34.0,,,,,Hundefutter allgemein
September,Purelei,woelbchen,SB,ig,story inkl. rem.,planned,2025-09-24,reminder,2025-09-28,2.5,55.0,45.0,,,,,Schmuck individuell
September,girlgotlashes,sandra.sicora,SB,ig,story inkl. rem.,planned,2025-09-11,reminder,2025-09-13,1.5,,,,,,,Wimpernset
9,Hydraid,sophiavanlaak,LS,ig,story inkl. rem.,planned,,reminder,,550.0,10.0,55.0,,,,,
September,TerraCanis,mrs.tews,SB,ig,story inkl. rem.,planned,2025-09-02,reminder,2025-09-05,1.15,30000.0,38.0,,,,,Hundefutter allgemein
9,Farben Löwe,FenjaKlindworth,LS,ig,story inkl. rem.,planned,,,,600.0,15.0,40.0,,,,,
September,TerraCanis,catsperte,SB,ig,story inkl. rem.,planned,2025-09-01,reminder,,0.0,,,,,,,Schallzahnbürste
September,Farben Löwe,kati.nfr,LB,ig,story inkl. rem.,planned,2025-09-11,reminder,2025-09-15,550.0,16.3,34.0,,,,,
9,Rudelkönig,marie.znowhite,SB,ig,story inkl. rem.,planned,,reminder,,150.0,5.0,30.0,,,,,
September,Purelei,fraeuleinemmama,SB,ig,story inkl. rem.,planned,2025-09-15,reminder,2025-09-19,1.4,,,,,,,Schmuck individuell
9,girlgotlashes,dobbyundjo,SB,ig,story inkl. rem.,planned,,reminder,,1.6,,,,,,,Wimpernset
September,girlgotlashes,Gloria.Glumac,DP,ig,story inkl. rem.,planned,2025-09-28,reminder,2025-09-30,1.1,128.844,9.0,,,,,Wimpernset
9,Rudelkönig,flowmitpaula,DP,ig,story inkl. rem.,planned,,reminder,,500.0,11.0,45.0,,,,,
9,Rudelkönig,siberian_husky_power,DP,ig,story inkl. rem.,planned,,reminder,,0.0,1.3,0.0,,,,,
9,Rudelkönig,jano.nero.matilda,DP,ig,story inkl. rem.,planned,,reminder,,250.0,8.555,29.0,,,,,
9,Rudelkönig,djangoholly_crazy_greek_dogs,DP,ig,story inkl. rem.,planned,,reminder,,0.0,,,,,,,
September,Kulturwerke,sachemii.teach,DP,ig,story inkl. rem.,briefing,2025-09-11,reminder,2025-09-14,225.0,4.0,56.0,,,,,
9,Kulturwerke,herr_schmelzer,SB,ig,story inkl. rem.,planned,,reminder,,,,,,,,,
9,girlgotlashes,muddivated,SB,ig,story inkl. rem.,planned,,reminder,,500.0,,,,,,,Wimpernset
9,Zahnheld,vanessa_be_93,SB,ig,story inkl. rem.,tbd,,reminder,,600.0,19.0,32.0,,,,,
October,girlgotlashes,sandra.sicora,SB,ig,story inkl. rem.,planned,2025-10-12,reminder,2025-10-14,1.5,,,,,,,Wimpernset
October,TerraCanis,catsperte,SB,ig,story inkl. rem.,planned,2025-10-01,reminder,,0.0,,,,,,,Schallzahnbürste
11,TerraCanis,theredhotchilicats,SB,ig,story inkl. rem.,tbd,,reminder,,0.0,,,,,,,Hundefutter allgemein
11,girlgotlashes,sandra.sicora,SB,ig,story inkl. rem.,planned,,reminder,,1.5,,,,,,,Wimpernset
